Model,Feature_Name,Importance,Rank
Random Forest,Age,0.00045304888704077216,68
Random Forest,SBP on Admission,0.002638271453498831,10
Random Forest,Unassisted Resp Rate on Admission,0.0005830918695959472,50
Random Forest,GCS on Admission,0.035077676372725755,2
Random Forest,RTS on Admission,0.0008725268884418535,28
Random Forest,TRISS,0.825053066908222,1
Random Forest,Advanced_Risk_Score,0.024024453906826428,3
Random Forest,Age_Squared,0.000614346567745637,47
Random Forest,Age_Log,0.0004474922220090829,69
Random Forest,Age_Cubic,0.00037027041771544835,78
Random Forest,BP_HR_Ratio,0.0027160095708814117,9
Random Forest,GCS_Age_Ratio,0.01629129847944104,4
Random Forest,RTS_TRISS_Ratio,0.0008880833474712431,24
Random Forest,text_length,0.0008813424135805055,27
Random Forest,word_count,0.0004827855241374561,64
Random Forest,keyword_count,3.688711125613642e-05,190
Random Forest,keyword_density,0.00019005094630051227,132
Random Forest,sentence_count,4.4730480429726316e-05,181
Random Forest,avg_word_length,0.0005248055321921757,57
Random Forest,unique_word_ratio,0.00010620000095265395,150
Random Forest,bigram_count,0.0005225521740182807,58
Random Forest,trigram_count,0.0003098558630447293,91
Random Forest,text_risk_score,0.000420632788798678,70
Random Forest,severe_injury_flag,0.0029544378669126444,8
Random Forest,penetrating_injury_flag,0.005786171871084363,7
Random Forest,elderly_flag,7.682700461225577e-05,165
Random Forest,critical_gcs,6.252472262350667e-05,174
Random Forest,hypotensive,0.00023903648440695965,111
Random Forest,tachypneic,0.0,276
Random Forest,bradypneic,0.0,276
Random Forest,Gender,9.86851551401588e-05,152
Random Forest,Injury Type,0.007349255950293516,5
Random Forest,Transfer In,6.609099606515505e-05,173
Random Forest,Discharge Status,0.007027127105268549,6
Random Forest,Age_Group,7.397416774841552e-05,167
Random Forest,BP_Status,0.00018465352545185722,133
Random Forest,GCS_Status,0.0002354039197163957,112
Random Forest,tfidf_0,9.550331117853799e-05,155
Random Forest,tfidf_1,3.88157886969267e-05,188
Random Forest,tfidf_2,0.00013637910961006032,144
Random Forest,tfidf_3,3.42083925514019e-05,197
Random Forest,tfidf_4,4.169287253874889e-05,185
Random Forest,tfidf_5,8.932934356073814e-05,157
Random Forest,tfidf_6,0.00015679540596060724,137
Random Forest,tfidf_7,1.7686103192460565e-06,258
Random Forest,tfidf_8,9.725796216728663e-05,153
Random Forest,tfidf_9,4.2436404924197856e-05,184
Random Forest,tfidf_10,3.51164913517538e-05,194
Random Forest,tfidf_11,0.00012396514928018687,146
Random Forest,tfidf_12,0.0003580772524016096,82
Random Forest,tfidf_13,6.634890884689327e-05,172
Random Forest,tfidf_14,2.9809126130320478e-05,200
Random Forest,tfidf_15,4.9179608469284755e-05,178
Random Forest,tfidf_16,1.4232544582797716e-05,218
Random Forest,tfidf_17,2.80451291851927e-05,203
Random Forest,tfidf_18,7.152485678579586e-05,171
Random Forest,tfidf_19,8.218240153954798e-05,163
Random Forest,tfidf_20,8.366775780837822e-05,159
Random Forest,tfidf_21,2.1238437482742733e-06,257
Random Forest,tfidf_22,3.571536848619568e-05,193
Random Forest,tfidf_23,5.149864976400288e-05,176
Random Forest,tfidf_24,1.4727568255431052e-05,217
Random Forest,tfidf_25,2.8440060775868393e-05,201
Random Forest,tfidf_26,7.237292781224559e-05,170
Random Forest,tfidf_27,4.550648982763197e-06,241
Random Forest,tfidf_28,3.66831591231876e-05,191
Random Forest,tfidf_29,8.13682072323465e-06,230
Random Forest,tfidf_30,1.689441364208777e-05,214
Random Forest,tfidf_31,4.623289435544026e-05,179
Random Forest,tfidf_32,0.0013671936564304146,17
Random Forest,tfidf_33,2.4320666980507852e-06,254
Random Forest,tfidf_34,5.211178749841737e-07,265
Random Forest,tfidf_35,1.0177211709483187e-05,227
Random Forest,tfidf_36,4.0272764972164425e-06,243
Random Forest,tfidf_37,1.3252777366433358e-05,220
Random Forest,tfidf_38,3.470627037879308e-05,195
Random Forest,tfidf_39,5.666019936890733e-06,236
Random Forest,tfidf_40,5.747149417443071e-06,234
Random Forest,tfidf_41,8.570212124440426e-05,158
Random Forest,tfidf_42,4.906278886659035e-06,239
Random Forest,tfidf_43,2.542313655144147e-05,206
Random Forest,tfidf_44,0.00011860945499279315,148
Random Forest,tfidf_45,5.584526240298263e-06,237
Random Forest,tfidf_46,0.00015237308323734353,140
Random Forest,tfidf_47,8.275337916793307e-05,160
Random Forest,tfidf_48,0.00029975640589974994,92
Random Forest,tfidf_49,0.00025607059178590186,103
Random Forest,tfidf_50,4.003078317711064e-06,245
Random Forest,tfidf_51,2.0685478796185364e-07,269
Random Forest,tfidf_52,0.00010153757836229073,151
Random Forest,tfidf_53,3.912208621307951e-06,247
Random Forest,tfidf_54,8.233093163729526e-05,162
Random Forest,tfidf_55,7.279518559916312e-05,169
Random Forest,tfidf_56,1.8274044476277318e-05,212
Random Forest,tfidf_57,8.735709973135492e-06,229
Random Forest,tfidf_58,1.7401502151796447e-05,213
Random Forest,tfidf_59,2.6155881969511705e-05,204
Random Forest,tfidf_60,2.5946297414195622e-05,205
Random Forest,tfidf_61,2.9241614689457274e-06,251
Random Forest,tfidf_62,0.0007148416363158751,37
Random Forest,tfidf_63,1.3674416363822988e-05,219
Random Forest,tfidf_64,2.128563750577916e-05,211
Random Forest,tfidf_65,2.8367749547191683e-05,202
Random Forest,tfidf_66,2.2995587599272546e-05,209
Random Forest,tfidf_67,0.00023201366398421523,114
Random Forest,tfidf_68,2.5194023835415937e-05,207
Random Forest,tfidf_69,5.193237649791967e-06,238
Random Forest,tfidf_70,0.00012457914324114148,145
Random Forest,tfidf_71,2.154241280165323e-05,210
Random Forest,tfidf_72,0.00024166511792809026,108
Random Forest,tfidf_73,5.272869858191161e-05,175
Random Forest,tfidf_74,4.926891048659105e-05,177
Random Forest,tfidf_75,8.237342184938758e-05,161
Random Forest,tfidf_76,3.046110118438238e-05,199
Random Forest,tfidf_77,3.8975589842005286e-07,267
Random Forest,tfidf_78,4.425326720555413e-05,183
Random Forest,tfidf_79,1.5704464068308258e-06,259
Random Forest,tfidf_80,0.00024789466085056424,106
Random Forest,tfidf_81,4.0172852662322244e-06,244
Random Forest,tfidf_82,4.47111782137982e-05,182
Random Forest,tfidf_83,1.0339842747280294e-06,261
Random Forest,tfidf_84,1.2512551698847181e-05,222
Random Forest,tfidf_85,0.00028792274158249775,93
Random Forest,tfidf_86,2.4009798560969185e-05,208
Random Forest,tfidf_87,4.581579624276727e-05,180
Random Forest,tfidf_88,4.0661187153863386e-05,186
Random Forest,tfidf_89,0.0001903408393446461,131
Random Forest,tfidf_90,1.0186381173976879e-05,226
Random Forest,tfidf_91,1.6037265729356965e-05,215
Random Forest,tfidf_92,0.0004585383025632472,66
Random Forest,tfidf_93,0.00015770846815780162,136
Random Forest,tfidf_94,7.500003263499705e-05,166
Random Forest,tfidf_95,9.322948341233661e-05,156
Random Forest,tfidf_96,0.00015247717875697391,139
Random Forest,tfidf_97,4.034605234843427e-05,187
Random Forest,tfidf_98,7.862982441154447e-05,164
Random Forest,tfidf_99,3.6220583827697586e-06,250
Random Forest,keyword_0,4.32693299813434e-06,242
Random Forest,keyword_1,7.3245283318877e-05,168
Random Forest,keyword_2,0.0,276
Random Forest,keyword_3,7.528657216090837e-08,275
Random Forest,keyword_4,1.0834733566719535e-05,225
Random Forest,keyword_5,3.831851258795141e-05,189
Random Forest,keyword_6,2.1841095112508915e-07,268
Random Forest,keyword_7,1.3693793124012174e-07,270
Random Forest,keyword_8,2.6410477051218698e-06,252
Random Forest,keyword_9,8.906646515379128e-07,263
Random Forest,keyword_10,0.0014679845840951224,14
Random Forest,keyword_11,2.471448829258175e-06,253
Random Forest,keyword_12,3.608119779874828e-05,192
Random Forest,keyword_13,3.993582342830017e-06,246
Random Forest,keyword_14,0.0,276
Random Forest,keyword_15,0.0,276
Random Forest,keyword_16,7.54891191661169e-08,274
Random Forest,keyword_17,8.015896216740349e-06,231
Random Forest,keyword_18,1.3301319153148962e-07,271
Random Forest,keyword_19,1.1420636225261076e-05,224
Random Forest,keyword_20,6.141723225322504e-06,232
Random Forest,keyword_21,0.00047965154640718143,65
Random Forest,keyword_22,1.2755245774181692e-05,221
Random Forest,keyword_23,3.463469691238468e-05,196
Random Forest,keyword_24,3.7216853542373656e-06,248
Random Forest,keyword_25,9.698271695017187e-06,228
Random Forest,keyword_26,9.071518164979732e-07,262
Random Forest,keyword_27,2.4023588688713758e-06,255
Random Forest,keyword_28,5.729918578875683e-06,235
Random Forest,keyword_29,0.0,276
Random Forest,keyword_30,4.489971120635267e-07,266
Random Forest,keyword_31,6.089232382077808e-06,233
Random Forest,keyword_32,3.6934688767777804e-06,249
Random Forest,keyword_33,0.0,276
Random Forest,keyword_34,0.0013911916385942716,16
Random Forest,keyword_35,1.5658359641923953e-05,216
Random Forest,keyword_36,0.0,276
Random Forest,keyword_37,1.188582795584643e-05,223
Random Forest,keyword_38,2.239945557645838e-06,256
Random Forest,keyword_39,8.344042390238548e-08,272
Random Forest,keyword_40,7.91505249064936e-08,273
Random Forest,keyword_41,6.672105127356409e-07,264
Random Forest,keyword_42,0.0001122829796313296,149
Random Forest,keyword_43,0.00015632652554104035,138
Random Forest,keyword_44,4.820703722757456e-06,240
Random Forest,keyword_45,1.4087828535820987e-06,260
Random Forest,w2v_0,0.00021699870603380424,117
Random Forest,w2v_1,0.00034832842274007213,85
Random Forest,w2v_2,0.0001506556771225481,141
Random Forest,w2v_3,0.0002691545940099298,97
Random Forest,w2v_4,0.00021370498802550633,121
Random Forest,w2v_5,0.0005471099897530088,54
Random Forest,w2v_6,0.00017697680284009483,134
Random Forest,w2v_7,0.00020100278751582435,125
Random Forest,w2v_8,0.00037822248604807136,77
Random Forest,w2v_9,0.0008839365428469421,26
Random Forest,w2v_10,0.0006932024590735268,40
Random Forest,w2v_11,0.00035004966851924615,83
Random Forest,w2v_12,0.00026806715849432946,98
Random Forest,w2v_13,0.0002609063284387467,99
Random Forest,w2v_14,0.0006398857597212031,43
Random Forest,w2v_15,0.0020079130531791413,11
Random Forest,w2v_16,0.0002468156609831378,107
Random Forest,w2v_17,0.00021384002874830641,120
Random Forest,w2v_18,0.0006825157671849422,42
Random Forest,w2v_19,0.000623259947290377,46
Random Forest,w2v_20,0.00040924222712994515,74
Random Forest,w2v_21,0.0008334900193116778,30
Random Forest,w2v_22,0.0005446925884248461,55
Random Forest,w2v_23,0.00033302129451055296,88
Random Forest,w2v_24,0.0006373617519551528,44
Random Forest,w2v_25,0.00025636248320386006,102
Random Forest,w2v_26,0.0002280060880104336,115
Random Forest,w2v_27,0.00021871525854737898,116
Random Forest,w2v_28,0.0002840186864403498,95
Random Forest,w2v_29,0.00028600187145061927,94
Random Forest,w2v_30,0.0005579926552151938,52
Random Forest,w2v_31,0.0007106761579778444,38
Random Forest,w2v_32,0.001679229519305899,13
Random Forest,w2v_33,0.0002554901087550747,104
Random Forest,w2v_34,0.00052510977332391,56
Random Forest,w2v_35,0.0007308972887719057,35
Random Forest,w2v_36,0.0005841503550056662,49
Random Forest,w2v_37,0.0006852907306120305,41
Random Forest,w2v_38,0.00027882090929642363,96
Random Forest,w2v_39,0.0010650486855904055,21
Random Forest,w2v_40,0.0002513525311403274,105
Random Forest,w2v_41,0.00036021233087976125,80
Random Forest,w2v_42,0.0007596858262034896,34
Random Forest,w2v_43,0.0004204279126296682,71
Random Forest,w2v_44,0.0003488886214626276,84
Random Forest,w2v_45,0.0003179014599659248,89
Random Forest,w2v_46,0.00025876299859910917,100
Random Forest,w2v_47,0.00019488669097812537,128
Random Forest,w2v_48,0.000333035973125327,87
Random Forest,w2v_49,0.00024067952083180058,110
Random Forest,w2v_50,0.0013539010647978691,18
Random Forest,w2v_51,0.0002146476155431815,119
Random Forest,w2v_52,0.0003992081366101939,75
Random Forest,w2v_53,0.0016857498345767949,12
Random Forest,w2v_54,0.00048436523811415107,63
Random Forest,w2v_55,0.0007026973355795135,39
Random Forest,w2v_56,0.0007652830298197885,33
Random Forest,w2v_57,0.0005714863180955722,51
Random Forest,w2v_58,0.000862073038433968,29
Random Forest,w2v_59,0.001068340908957688,20
Random Forest,w2v_60,0.00021641576502961024,118
Random Forest,w2v_61,0.00019642415302355542,126
Random Forest,w2v_62,0.0005187112329774982,59
Random Forest,w2v_63,0.0012415803205822519,19
Random Forest,w2v_64,0.0008072618157615602,32
Random Forest,w2v_65,0.0003910000721762421,76
Random Forest,w2v_66,0.00025752201640518536,101
Random Forest,w2v_67,0.00019544899739628335,127
Random Forest,w2v_68,0.00019143660721033064,130
Random Forest,w2v_69,0.00015826045578069372,135
Random Forest,w2v_70,0.0014402188169342052,15
Random Forest,w2v_71,0.0009661588663814384,23
Random Forest,w2v_72,0.00031184796413294657,90
Random Forest,w2v_73,3.3973197058299665e-05,198
Random Forest,w2v_74,0.00048747050270827864,62
Random Forest,w2v_75,0.00014670348358241875,143
Random Forest,w2v_76,0.00021044481287258568,123
Random Forest,w2v_77,0.000812170465706217,31
Random Forest,w2v_78,0.0001493714638352826,142
Random Forest,w2v_79,0.00045602465157704375,67
Random Forest,w2v_80,0.00041039052938654204,73
Random Forest,w2v_81,0.000413251494647026,72
Random Forest,w2v_82,9.655143138809124e-05,154
Random Forest,w2v_83,0.00033574874332642436,86
Random Forest,w2v_84,0.0005573800450294696,53
Random Forest,w2v_85,0.00036120325857133664,79
Random Forest,w2v_86,0.0001937027782510453,129
Random Forest,w2v_87,0.00020517891997154928,124
Random Forest,w2v_88,0.00012049628721843779,147
Random Forest,w2v_89,0.0005125440618644428,60
Random Forest,w2v_90,0.0002411140759381278,109
Random Forest,w2v_91,0.0006243608190527036,45
Random Forest,w2v_92,0.0007150369051733681,36
Random Forest,w2v_93,0.0005020543431611711,61
Random Forest,w2v_94,0.0005988781641266173,48
Random Forest,w2v_95,0.0003593439859355278,81
Random Forest,w2v_96,0.00023473528831467858,113
Random Forest,w2v_97,0.0008879169949432926,25
Random Forest,w2v_98,0.001003475903659627,22
Random Forest,w2v_99,0.00021145558364086788,122
Gradient Boosting,Age,0.00010493975291005157,78
Gradient Boosting,SBP on Admission,0.0029110896346474513,14
Gradient Boosting,Unassisted Resp Rate on Admission,0.001831027325425114,17
Gradient Boosting,GCS on Admission,0.0517286896606192,2
Gradient Boosting,RTS on Admission,0.0003832906135186643,42
Gradient Boosting,TRISS,0.83359896057432,1
Gradient Boosting,Advanced_Risk_Score,0.0035245442112767254,11
Gradient Boosting,Age_Squared,1.7010299530283302e-05,134
Gradient Boosting,Age_Log,5.964119329757931e-06,164
Gradient Boosting,Age_Cubic,5.381423107499271e-05,100
Gradient Boosting,BP_HR_Ratio,0.006067026183221824,8
Gradient Boosting,GCS_Age_Ratio,0.008895941063011469,6
Gradient Boosting,RTS_TRISS_Ratio,5.622893794928487e-05,98
Gradient Boosting,text_length,5.8613025060907074e-05,95
Gradient Boosting,word_count,0.00016764992516923372,63
Gradient Boosting,keyword_count,1.1679411693656982e-05,142
Gradient Boosting,keyword_density,0.00010739543173349475,77
Gradient Boosting,sentence_count,8.559533055220036e-06,155
Gradient Boosting,avg_word_length,3.462929385759664e-05,113
Gradient Boosting,unique_word_ratio,4.3709116204107505e-05,107
Gradient Boosting,bigram_count,7.106999282307441e-06,161
Gradient Boosting,trigram_count,1.11559106916038e-05,145
Gradient Boosting,text_risk_score,0.0001579965642718428,65
Gradient Boosting,severe_injury_flag,0.003418046188097226,13
Gradient Boosting,penetrating_injury_flag,0.010272499375829606,5
Gradient Boosting,elderly_flag,7.94685111964364e-07,187
Gradient Boosting,critical_gcs,6.753817857104806e-08,210
Gradient Boosting,hypotensive,0.0005737400609419745,31
Gradient Boosting,tachypneic,0.0,253
Gradient Boosting,bradypneic,0.0,253
Gradient Boosting,Gender,5.115455472239513e-07,192
Gradient Boosting,Injury Type,0.01246685494298392,4
Gradient Boosting,Transfer In,8.652336314344793e-05,84
Gradient Boosting,Discharge Status,0.012904020773523973,3
Gradient Boosting,Age_Group,1.7677100193028326e-06,182
Gradient Boosting,BP_Status,1.3851672165299931e-05,137
Gradient Boosting,GCS_Status,8.162788491523382e-06,157
Gradient Boosting,tfidf_0,7.352662462393454e-05,90
Gradient Boosting,tfidf_1,0.0,253
Gradient Boosting,tfidf_2,8.80317717977835e-07,186
Gradient Boosting,tfidf_3,0.0006928163867551088,27
Gradient Boosting,tfidf_4,2.6135464627235574e-05,121
Gradient Boosting,tfidf_5,0.0001565678355162893,66
Gradient Boosting,tfidf_6,4.514042545150113e-05,106
Gradient Boosting,tfidf_7,1.5487932352152647e-07,203
Gradient Boosting,tfidf_8,0.00027981064675955674,48
Gradient Boosting,tfidf_9,0.00012705887900924702,71
Gradient Boosting,tfidf_10,8.98955339656299e-06,154
Gradient Boosting,tfidf_11,2.0431661992739422e-05,128
Gradient Boosting,tfidf_12,0.0001262006042523417,72
Gradient Boosting,tfidf_13,8.637270865636062e-05,85
Gradient Boosting,tfidf_14,2.018274719321873e-05,129
Gradient Boosting,tfidf_15,1.107588040529088e-06,185
Gradient Boosting,tfidf_16,1.9226185612772227e-11,248
Gradient Boosting,tfidf_17,5.492727592688341e-07,189
Gradient Boosting,tfidf_18,9.985915301829443e-06,150
Gradient Boosting,tfidf_19,3.025393096076047e-08,217
Gradient Boosting,tfidf_20,0.0,253
Gradient Boosting,tfidf_21,3.594432766930022e-06,173
Gradient Boosting,tfidf_22,2.4170222864718122e-06,177
Gradient Boosting,tfidf_23,5.317497120992221e-08,215
Gradient Boosting,tfidf_24,6.0056272309287284e-05,94
Gradient Boosting,tfidf_25,0.0,253
Gradient Boosting,tfidf_26,1.8617585216991946e-08,221
Gradient Boosting,tfidf_27,4.4545671948002196e-07,194
Gradient Boosting,tfidf_28,6.5142910861205265e-06,163
Gradient Boosting,tfidf_29,1.9063039261014022e-06,181
Gradient Boosting,tfidf_30,7.886138251333442e-10,241
Gradient Boosting,tfidf_31,2.739605719241245e-09,236
Gradient Boosting,tfidf_32,0.008338271423303949,7
Gradient Boosting,tfidf_33,4.450006690024049e-09,231
Gradient Boosting,tfidf_34,0.0,253
Gradient Boosting,tfidf_35,0.0,253
Gradient Boosting,tfidf_36,4.8930189272325115e-06,168
Gradient Boosting,tfidf_37,6.33370366179095e-08,212
Gradient Boosting,tfidf_38,2.7359001387538535e-08,218
Gradient Boosting,tfidf_39,5.5665908094395576e-08,213
Gradient Boosting,tfidf_40,1.662084781715522e-06,183
Gradient Boosting,tfidf_41,0.0,253
Gradient Boosting,tfidf_42,4.024426275984342e-07,195
Gradient Boosting,tfidf_43,4.025763536015551e-09,233
Gradient Boosting,tfidf_44,8.780910789362796e-05,83
Gradient Boosting,tfidf_45,2.6559550393508775e-12,251
Gradient Boosting,tfidf_46,1.1960710114405162e-05,140
Gradient Boosting,tfidf_47,2.2853983286936487e-07,200
Gradient Boosting,tfidf_48,0.00011181786829920165,75
Gradient Boosting,tfidf_49,0.0003166463500807533,46
Gradient Boosting,tfidf_50,0.0,253
Gradient Boosting,tfidf_51,1.76190156160448e-11,249
Gradient Boosting,tfidf_52,7.330591617318466e-06,160
Gradient Boosting,tfidf_53,3.646239320697957e-06,171
Gradient Boosting,tfidf_54,2.3898298743229043e-06,178
Gradient Boosting,tfidf_55,1.9425581130692456e-06,180
Gradient Boosting,tfidf_56,5.2964028436125895e-06,165
Gradient Boosting,tfidf_57,3.619751887485869e-07,197
Gradient Boosting,tfidf_58,2.624772622545058e-05,120
Gradient Boosting,tfidf_59,1.2126816184803912e-06,184
Gradient Boosting,tfidf_60,1.7229578378883758e-05,132
Gradient Boosting,tfidf_61,1.2417184032101252e-08,224
Gradient Boosting,tfidf_62,1.31552280801916e-05,139
Gradient Boosting,tfidf_63,1.810806018911362e-08,222
Gradient Boosting,tfidf_64,3.966693815205249e-06,170
Gradient Boosting,tfidf_65,5.323252493052531e-09,229
Gradient Boosting,tfidf_66,2.6812786511891235e-09,237
Gradient Boosting,tfidf_67,4.245601333433996e-05,108
Gradient Boosting,tfidf_68,1.6915591112419344e-08,223
Gradient Boosting,tfidf_69,5.321343709703193e-07,191
Gradient Boosting,tfidf_70,1.1037626561981043e-08,225
Gradient Boosting,tfidf_71,3.145850962284548e-09,235
Gradient Boosting,tfidf_72,0.0007120675962566912,26
Gradient Boosting,tfidf_73,2.5100012408772416e-08,219
Gradient Boosting,tfidf_74,4.765613913608259e-08,216
Gradient Boosting,tfidf_75,3.1502254700618554e-09,234
Gradient Boosting,tfidf_76,1.9917379335841355e-07,201
Gradient Boosting,tfidf_77,7.958741680434104e-08,207
Gradient Boosting,tfidf_78,1.1939127331170393e-05,141
Gradient Boosting,tfidf_79,0.0,253
Gradient Boosting,tfidf_80,0.0012438655518869296,22
Gradient Boosting,tfidf_81,9.80203826754902e-08,206
Gradient Boosting,tfidf_82,5.425728265096716e-08,214
Gradient Boosting,tfidf_83,2.0171369326031102e-08,220
Gradient Boosting,tfidf_84,0.0,253
Gradient Boosting,tfidf_85,2.3163983450227065e-05,124
Gradient Boosting,tfidf_86,6.326736825803514e-10,243
Gradient Boosting,tfidf_87,7.37331224563341e-11,246
Gradient Boosting,tfidf_88,1.060104469145391e-05,148
Gradient Boosting,tfidf_89,9.399684134235336e-09,226
Gradient Boosting,tfidf_90,5.34701601419442e-07,190
Gradient Boosting,tfidf_91,5.1823137629612325e-06,166
Gradient Boosting,tfidf_92,5.2218450494715744e-05,102
Gradient Boosting,tfidf_93,3.627491714407652e-06,172
Gradient Boosting,tfidf_94,0.00026504357107698205,50
Gradient Boosting,tfidf_95,4.762949780976905e-09,230
Gradient Boosting,tfidf_96,0.0003610746440292175,43
Gradient Boosting,tfidf_97,3.5410271084593213e-07,198
Gradient Boosting,tfidf_98,2.9843082876228533e-07,199
Gradient Boosting,tfidf_99,1.2015072141990371e-07,205
Gradient Boosting,keyword_0,0.0,253
Gradient Boosting,keyword_1,0.0,253
Gradient Boosting,keyword_2,0.0,253
Gradient Boosting,keyword_3,0.0,253
Gradient Boosting,keyword_4,1.701090075894661e-09,239
Gradient Boosting,keyword_5,0.0,253
Gradient Boosting,keyword_6,0.0,253
Gradient Boosting,keyword_7,0.0,253
Gradient Boosting,keyword_8,6.537096646605189e-08,211
Gradient Boosting,keyword_9,7.702331733934989e-09,227
Gradient Boosting,keyword_10,1.9146048613813444e-07,202
Gradient Boosting,keyword_11,0.0,253
Gradient Boosting,keyword_12,0.0,253
Gradient Boosting,keyword_13,7.611366704792524e-10,242
Gradient Boosting,keyword_14,0.0,253
Gradient Boosting,keyword_15,0.0,253
Gradient Boosting,keyword_16,4.3725176056004046e-10,244
Gradient Boosting,keyword_17,1.2141741617860832e-09,240
Gradient Boosting,keyword_18,1.0418137837710943e-11,250
Gradient Boosting,keyword_19,3.934874858202279e-07,196
Gradient Boosting,keyword_20,1.64316469567929e-13,252
Gradient Boosting,keyword_21,4.702871644523453e-05,105
Gradient Boosting,keyword_22,5.6495914328429353e-11,247
Gradient Boosting,keyword_23,0.0,253
Gradient Boosting,keyword_24,4.237494493296721e-09,232
Gradient Boosting,keyword_25,0.0,253
Gradient Boosting,keyword_26,0.0,253
Gradient Boosting,keyword_27,7.255364374808128e-08,208
Gradient Boosting,keyword_28,5.340094708151808e-09,228
Gradient Boosting,keyword_29,3.8194872362513066e-10,245
Gradient Boosting,keyword_30,3.650514282872554e-05,111
Gradient Boosting,keyword_31,2.5473296911034592e-05,122
Gradient Boosting,keyword_32,1.906270453065932e-05,130
Gradient Boosting,keyword_33,4.951335287258022e-06,167
Gradient Boosting,keyword_34,0.0038927539291155064,9
Gradient Boosting,keyword_35,4.013639236499731e-05,109
Gradient Boosting,keyword_36,0.0,253
Gradient Boosting,keyword_37,0.0,253
Gradient Boosting,keyword_38,0.0,253
Gradient Boosting,keyword_39,0.0,253
Gradient Boosting,keyword_40,2.1947247731880294e-09,238
Gradient Boosting,keyword_41,0.0,253
Gradient Boosting,keyword_42,6.868712337903819e-08,209
Gradient Boosting,keyword_43,1.2362789028624692e-07,204
Gradient Boosting,keyword_44,3.4535347768585496e-06,174
Gradient Boosting,keyword_45,0.0,253
Gradient Boosting,w2v_0,7.533656103151398e-05,89
Gradient Boosting,w2v_1,0.00023125684582859103,57
Gradient Boosting,w2v_2,1.7015527412117345e-05,133
Gradient Boosting,w2v_3,9.403333904236204e-05,81
Gradient Boosting,w2v_4,5.7062682833468456e-05,97
Gradient Boosting,w2v_5,0.000315795192842945,47
Gradient Boosting,w2v_6,9.64022818678473e-05,80
Gradient Boosting,w2v_7,7.546600464555272e-06,159
Gradient Boosting,w2v_8,0.00040358596702045983,40
Gradient Boosting,w2v_9,2.843238038586164e-05,118
Gradient Boosting,w2v_10,0.00022573848785749207,58
Gradient Boosting,w2v_11,2.2983612660096287e-05,125
Gradient Boosting,w2v_12,0.0005318392559826177,34
Gradient Boosting,w2v_13,1.120748712983587e-05,144
Gradient Boosting,w2v_14,0.00025168298935292373,53
Gradient Boosting,w2v_15,0.0025724052475138196,15
Gradient Boosting,w2v_16,3.4800452668407714e-05,112
Gradient Boosting,w2v_17,8.283560069456556e-05,87
Gradient Boosting,w2v_18,1.6504847041035704e-05,135
Gradient Boosting,w2v_19,0.0003532280832919473,44
Gradient Boosting,w2v_20,9.587998492371392e-06,151
Gradient Boosting,w2v_21,0.00016191477816677617,64
Gradient Boosting,w2v_22,0.00014317448907471856,69
Gradient Boosting,w2v_23,1.0300064581197262e-05,149
Gradient Boosting,w2v_24,9.301377362853146e-05,82
Gradient Boosting,w2v_25,8.155859458164425e-06,158
Gradient Boosting,w2v_26,3.411558204407537e-05,114
Gradient Boosting,w2v_27,0.0008200611421749189,25
Gradient Boosting,w2v_28,5.3757284647335806e-05,101
Gradient Boosting,w2v_29,0.00024591763397275077,55
Gradient Boosting,w2v_30,0.00014435020366435427,68
Gradient Boosting,w2v_31,0.0005985731459271231,30
Gradient Boosting,w2v_32,0.003886759686321684,10
Gradient Boosting,w2v_33,0.00011042367471496155,76
Gradient Boosting,w2v_34,1.8568219301653266e-05,131
Gradient Boosting,w2v_35,0.0008822003128122032,24
Gradient Boosting,w2v_36,8.160041362547234e-05,88
Gradient Boosting,w2v_37,3.407001243012312e-05,115
Gradient Boosting,w2v_38,0.0005580910005401061,32
Gradient Boosting,w2v_39,0.003503137743783395,12
Gradient Boosting,w2v_40,4.898049822080968e-05,104
Gradient Boosting,w2v_41,8.183415599535353e-06,156
Gradient Boosting,w2v_42,0.0006288962064569238,28
Gradient Boosting,w2v_43,0.0009174320113525165,23
Gradient Boosting,w2v_44,3.0518860959965045e-05,117
Gradient Boosting,w2v_45,0.00041301480336612136,39
Gradient Boosting,w2v_46,0.000246347722808571,54
Gradient Boosting,w2v_47,1.1053658687780539e-05,147
Gradient Boosting,w2v_48,2.3745975074739786e-05,123
Gradient Boosting,w2v_49,5.4049203224735736e-05,99
Gradient Boosting,w2v_50,0.001267094516110677,20
Gradient Boosting,w2v_51,0.0001794040166771066,60
Gradient Boosting,w2v_52,3.744165993023468e-05,110
Gradient Boosting,w2v_53,0.0004311896482386989,37
Gradient Boosting,w2v_54,0.00024120729728959996,56
Gradient Boosting,w2v_55,0.001920228671148222,16
Gradient Boosting,w2v_56,0.00017559656247389141,62
Gradient Boosting,w2v_57,6.628580919891361e-06,162
Gradient Boosting,w2v_58,0.0001862507343953877,59
Gradient Boosting,w2v_59,0.0006249696029277021,29
Gradient Boosting,w2v_60,0.00042850257416494604,38
Gradient Boosting,w2v_61,0.00039134924766493146,41
Gradient Boosting,w2v_62,7.025499301605634e-05,91
Gradient Boosting,w2v_63,0.0012661710421981167,21
Gradient Boosting,w2v_64,0.0012804946223916789,19
Gradient Boosting,w2v_65,1.404177635620853e-05,136
Gradient Boosting,w2v_66,0.0005438369633811523,33
Gradient Boosting,w2v_67,0.001286408808976151,18
Gradient Boosting,w2v_68,5.01468495349808e-05,103
Gradient Boosting,w2v_69,0.00027347724185982784,49
Gradient Boosting,w2v_70,0.00013306285983979586,70
Gradient Boosting,w2v_71,0.00015118585559218697,67
Gradient Boosting,w2v_72,0.0002546930982141728,52
Gradient Boosting,w2v_73,1.3589046802252122e-05,138
Gradient Boosting,w2v_74,5.826604812753184e-05,96
Gradient Boosting,w2v_75,1.1066385214256635e-05,146
Gradient Boosting,w2v_76,9.003996955350555e-06,153
Gradient Boosting,w2v_77,0.00012242904345108753,73
Gradient Boosting,w2v_78,0.0005015211283391961,35
Gradient Boosting,w2v_79,4.540032540076291e-07,193
Gradient Boosting,w2v_80,8.546432859079541e-05,86
Gradient Boosting,w2v_81,2.6959549004999906e-05,119
Gradient Boosting,w2v_82,6.558575943296252e-07,188
Gradient Boosting,w2v_83,1.131195646934824e-05,143
Gradient Boosting,w2v_84,0.00017603625635466172,61
Gradient Boosting,w2v_85,2.1965960369467457e-05,126
Gradient Boosting,w2v_86,4.563450622402215e-06,169
Gradient Boosting,w2v_87,6.70068315588068e-05,93
Gradient Boosting,w2v_88,3.3632299914693866e-06,175
Gradient Boosting,w2v_89,0.0002603044851558542,51
Gradient Boosting,w2v_90,3.32797322455997e-06,176
Gradient Boosting,w2v_91,2.1379982592054366e-05,127
Gradient Boosting,w2v_92,0.00010440043825421797,79
Gradient Boosting,w2v_93,6.9207460203002e-05,92
Gradient Boosting,w2v_94,0.00034398871013874093,45
Gradient Boosting,w2v_95,0.00011714231726857262,74
Gradient Boosting,w2v_96,9.411478791975388e-06,152
Gradient Boosting,w2v_97,3.1726273571911693e-05,116
Gradient Boosting,w2v_98,0.0004543212502387314,36
Gradient Boosting,w2v_99,2.37206134984382e-06,179
XGBoost,Age,0.0002484920260030776,100
XGBoost,SBP on Admission,0.0033030619379132986,31
XGBoost,Unassisted Resp Rate on Admission,0.001973302336409688,45
XGBoost,GCS on Admission,0.054226044565439224,3
XGBoost,RTS on Admission,0.002303224289789796,42
XGBoost,TRISS,0.5076823234558105,1
XGBoost,Advanced_Risk_Score,0.0013431415427476168,57
XGBoost,Age_Squared,0.0,164
XGBoost,Age_Log,0.0,164
XGBoost,Age_Cubic,0.0,164
XGBoost,BP_HR_Ratio,0.0016750359209254384,50
XGBoost,GCS_Age_Ratio,0.010590756312012672,15
XGBoost,RTS_TRISS_Ratio,9.454366227146238e-05,115
XGBoost,text_length,0.0008385720429942012,70
XGBoost,word_count,9.263497304345947e-06,149
XGBoost,keyword_count,0.00010975309123750776,111
XGBoost,keyword_density,4.3615655158646405e-05,130
XGBoost,sentence_count,0.010675132274627686,14
XGBoost,avg_word_length,0.00023914049961604178,102
XGBoost,unique_word_ratio,5.166623668628745e-05,128
XGBoost,bigram_count,0.0,164
XGBoost,trigram_count,0.0,164
XGBoost,text_risk_score,0.00015976899885572493,109
XGBoost,severe_injury_flag,0.058189623057842255,2
XGBoost,penetrating_injury_flag,0.04135965183377266,4
XGBoost,elderly_flag,0.0,164
XGBoost,critical_gcs,0.0,164
XGBoost,hypotensive,0.0,164
XGBoost,tachypneic,0.0,164
XGBoost,bradypneic,0.0,164
XGBoost,Gender,6.575829957000678e-06,155
XGBoost,Injury Type,0.00048115034587681293,78
XGBoost,Transfer In,0.0013488195836544037,56
XGBoost,Discharge Status,0.021333331242203712,6
XGBoost,Age_Group,3.0498011255986057e-05,137
XGBoost,BP_Status,0.0,164
XGBoost,GCS_Status,0.0,164
XGBoost,tfidf_0,0.0002423081750748679,101
XGBoost,tfidf_1,0.0,164
XGBoost,tfidf_2,0.0032721918541938066,32
XGBoost,tfidf_3,0.0016135619953274727,51
XGBoost,tfidf_4,0.0,164
XGBoost,tfidf_5,0.0025805330369621515,36
XGBoost,tfidf_6,0.0,164
XGBoost,tfidf_7,0.0,164
XGBoost,tfidf_8,0.004240063950419426,24
XGBoost,tfidf_9,0.0,164
XGBoost,tfidf_10,0.00040313639328815043,83
XGBoost,tfidf_11,0.0,164
XGBoost,tfidf_12,0.0012442206498235464,59
XGBoost,tfidf_13,0.0,164
XGBoost,tfidf_14,0.0,164
XGBoost,tfidf_15,7.197933155111969e-05,122
XGBoost,tfidf_16,0.0,164
XGBoost,tfidf_17,0.007434627041220665,20
XGBoost,tfidf_18,4.9152645260619465e-06,156
XGBoost,tfidf_19,0.0001058850102708675,112
XGBoost,tfidf_20,0.0,164
XGBoost,tfidf_21,0.0,164
XGBoost,tfidf_22,0.011551214382052422,12
XGBoost,tfidf_23,0.0,164
XGBoost,tfidf_24,0.0,164
XGBoost,tfidf_25,0.012441649101674557,11
XGBoost,tfidf_26,0.0,164
XGBoost,tfidf_27,0.0,164
XGBoost,tfidf_28,9.435426363779698e-06,148
XGBoost,tfidf_29,0.0,164
XGBoost,tfidf_30,0.0,164
XGBoost,tfidf_31,3.660899210444768e-06,158
XGBoost,tfidf_32,0.01731039769947529,7
XGBoost,tfidf_33,0.0,164
XGBoost,tfidf_34,0.0,164
XGBoost,tfidf_35,0.0,164
XGBoost,tfidf_36,0.0,164
XGBoost,tfidf_37,0.0,164
XGBoost,tfidf_38,0.0,164
XGBoost,tfidf_39,7.658581125724595e-06,153
XGBoost,tfidf_40,0.0,164
XGBoost,tfidf_41,0.0,164
XGBoost,tfidf_42,0.0,164
XGBoost,tfidf_43,0.0,164
XGBoost,tfidf_44,7.458202162524685e-05,120
XGBoost,tfidf_45,0.0,164
XGBoost,tfidf_46,0.022149864584207535,5
XGBoost,tfidf_47,0.0001247753098141402,110
XGBoost,tfidf_48,1.0463259059179109e-05,147
XGBoost,tfidf_49,0.00019912398420274258,104
XGBoost,tfidf_50,0.0,164
XGBoost,tfidf_51,0.0,164
XGBoost,tfidf_52,3.1313033105107024e-05,136
XGBoost,tfidf_53,0.0,164
XGBoost,tfidf_54,0.0,164
XGBoost,tfidf_55,0.0003117849992122501,92
XGBoost,tfidf_56,0.0003164655645377934,91
XGBoost,tfidf_57,5.3100022341823205e-05,127
XGBoost,tfidf_58,0.00020280371245462447,103
XGBoost,tfidf_59,7.910622116469312e-06,152
XGBoost,tfidf_60,0.0,164
XGBoost,tfidf_61,0.0,164
XGBoost,tfidf_62,0.0006360292318277061,73
XGBoost,tfidf_63,0.0,164
XGBoost,tfidf_64,0.0,164
XGBoost,tfidf_65,0.0,164
XGBoost,tfidf_66,0.0,164
XGBoost,tfidf_67,2.0584275262081064e-05,142
XGBoost,tfidf_68,0.0,164
XGBoost,tfidf_69,0.0,164
XGBoost,tfidf_70,6.585122901014984e-05,123
XGBoost,tfidf_71,0.0,164
XGBoost,tfidf_72,0.0,164
XGBoost,tfidf_73,0.0,164
XGBoost,tfidf_74,0.0,164
XGBoost,tfidf_75,9.164803486783057e-06,150
XGBoost,tfidf_76,0.0,164
XGBoost,tfidf_77,0.0,164
XGBoost,tfidf_78,0.0,164
XGBoost,tfidf_79,0.0,164
XGBoost,tfidf_80,0.0025939608458429575,35
XGBoost,tfidf_81,0.0,164
XGBoost,tfidf_82,0.0,164
XGBoost,tfidf_83,0.0,164
XGBoost,tfidf_84,0.0,164
XGBoost,tfidf_85,0.00039087916957214475,84
XGBoost,tfidf_86,0.0,164
XGBoost,tfidf_87,0.0,164
XGBoost,tfidf_88,0.0,164
XGBoost,tfidf_89,0.0,164
XGBoost,tfidf_90,0.0,164
XGBoost,tfidf_91,0.0,164
XGBoost,tfidf_92,0.0,164
XGBoost,tfidf_93,0.0,164
XGBoost,tfidf_94,0.0,164
XGBoost,tfidf_95,0.0,164
XGBoost,tfidf_96,0.0,164
XGBoost,tfidf_97,2.8132244551670738e-06,160
XGBoost,tfidf_98,0.0,164
XGBoost,tfidf_99,0.0,164
XGBoost,keyword_0,0.0,164
XGBoost,keyword_1,0.0,164
XGBoost,keyword_2,0.0,164
XGBoost,keyword_3,0.0,164
XGBoost,keyword_4,0.0,164
XGBoost,keyword_5,0.0,164
XGBoost,keyword_6,0.0,164
XGBoost,keyword_7,0.0,164
XGBoost,keyword_8,0.0,164
XGBoost,keyword_9,0.0,164
XGBoost,keyword_10,0.0068847606889903545,21
XGBoost,keyword_11,0.0,164
XGBoost,keyword_12,0.0,164
XGBoost,keyword_13,0.0,164
XGBoost,keyword_14,0.0,164
XGBoost,keyword_15,0.0,164
XGBoost,keyword_16,0.0,164
XGBoost,keyword_17,0.0,164
XGBoost,keyword_18,0.0,164
XGBoost,keyword_19,0.0,164
XGBoost,keyword_20,0.0,164
XGBoost,keyword_21,0.010358892381191254,16
XGBoost,keyword_22,0.0,164
XGBoost,keyword_23,0.0,164
XGBoost,keyword_24,0.0,164
XGBoost,keyword_25,0.0,164
XGBoost,keyword_26,0.0,164
XGBoost,keyword_27,0.0,164
XGBoost,keyword_28,0.0,164
XGBoost,keyword_29,0.0,164
XGBoost,keyword_30,0.0,164
XGBoost,keyword_31,0.0,164
XGBoost,keyword_32,0.0,164
XGBoost,keyword_33,0.0,164
XGBoost,keyword_34,8.82146014191676e-06,151
XGBoost,keyword_35,0.0,164
XGBoost,keyword_36,0.0,164
XGBoost,keyword_37,0.0,164
XGBoost,keyword_38,0.010337931104004383,17
XGBoost,keyword_39,0.0,164
XGBoost,keyword_40,0.0,164
XGBoost,keyword_41,0.0,164
XGBoost,keyword_42,5.887337465537712e-05,125
XGBoost,keyword_43,0.0,164
XGBoost,keyword_44,0.0,164
XGBoost,keyword_45,0.0,164
XGBoost,w2v_0,3.5754157579503953e-05,135
XGBoost,w2v_1,0.0027496786788105965,33
XGBoost,w2v_2,2.6382274882053025e-05,139
XGBoost,w2v_3,0.00037517357850447297,86
XGBoost,w2v_4,0.0005872658221051097,75
XGBoost,w2v_5,0.000290569820208475,94
XGBoost,w2v_6,0.001720016822218895,48
XGBoost,w2v_7,0.002084417501464486,44
XGBoost,w2v_8,0.0037094163708388805,29
XGBoost,w2v_9,0.0011128212790936232,62
XGBoost,w2v_10,0.0023874957114458084,39
XGBoost,w2v_11,7.24699639249593e-05,121
XGBoost,w2v_12,0.0009319582604803145,66
XGBoost,w2v_13,0.00016244931612163782,108
XGBoost,w2v_14,0.0025762126315385103,37
XGBoost,w2v_15,0.0033355336636304855,30
XGBoost,w2v_16,0.0004930100403726101,77
XGBoost,w2v_17,0.0004785832134075463,79
XGBoost,w2v_18,0.002453472465276718,38
XGBoost,w2v_19,0.0037475598510354757,28
XGBoost,w2v_20,0.001407188712619245,54
XGBoost,w2v_21,0.0004112152673769742,81
XGBoost,w2v_22,8.623029862064868e-05,118
XGBoost,w2v_23,0.00033832364715635777,89
XGBoost,w2v_24,0.0009504907066002488,64
XGBoost,w2v_25,1.248709850187879e-05,146
XGBoost,w2v_26,0.0015160518232733011,53
XGBoost,w2v_27,0.0038819678593426943,26
XGBoost,w2v_28,0.00038847411633469164,85
XGBoost,w2v_29,0.0088656572625041,18
XGBoost,w2v_30,0.0037492364645004272,27
XGBoost,w2v_31,4.7080800868570805e-05,129
XGBoost,w2v_32,0.0042280456982553005,25
XGBoost,w2v_33,0.0002503333380445838,99
XGBoost,w2v_34,0.00018085680494550616,106
XGBoost,w2v_35,0.0011010922025889158,63
XGBoost,w2v_36,3.5969471355201676e-05,134
XGBoost,w2v_37,0.0007018454489298165,72
XGBoost,w2v_38,0.0007487174007110298,71
XGBoost,w2v_39,0.011448392644524574,13
XGBoost,w2v_40,0.00027279695495963097,96
XGBoost,w2v_41,0.0021217395551502705,43
XGBoost,w2v_42,0.0009396279929205775,65
XGBoost,w2v_43,0.0,164
XGBoost,w2v_44,8.718333265278488e-05,117
XGBoost,w2v_45,9.936773858498782e-05,114
XGBoost,w2v_46,1.6571630112593994e-05,144
XGBoost,w2v_47,9.996099106501788e-05,113
XGBoost,w2v_48,0.01334889605641365,10
XGBoost,w2v_49,3.923001713701524e-06,157
XGBoost,w2v_50,0.008611248806118965,19
XGBoost,w2v_51,7.995449414011091e-05,119
XGBoost,w2v_52,0.002651740564033389,34
XGBoost,w2v_53,0.006501301191747189,22
XGBoost,w2v_54,2.9294613341335207e-05,138
XGBoost,w2v_55,0.0,164
XGBoost,w2v_56,3.6546287446981296e-05,133
XGBoost,w2v_57,0.0018003620207309723,46
XGBoost,w2v_58,4.18496856582351e-05,131
XGBoost,w2v_59,0.0011461819522082806,60
XGBoost,w2v_60,9.062712342711166e-05,116
XGBoost,w2v_61,0.0006326392176561058,74
XGBoost,w2v_62,0.0014025275595486164,55
XGBoost,w2v_63,0.0015706127742305398,52
XGBoost,w2v_64,0.0003401520662009716,88
XGBoost,w2v_65,2.0515977666946128e-05,143
XGBoost,w2v_66,0.0008942995918914676,67
XGBoost,w2v_67,0.0002513501967769116,98
XGBoost,w2v_68,0.00019215367501601577,105
XGBoost,w2v_69,0.00045583638711832464,80
XGBoost,w2v_70,0.00033702340442687273,90
XGBoost,w2v_71,0.0005056882509961724,76
XGBoost,w2v_72,0.0016784666804596782,49
XGBoost,w2v_73,7.240045761136571e-06,154
XGBoost,w2v_74,3.5237812880950514e-06,159
XGBoost,w2v_75,2.182786829507677e-06,162
XGBoost,w2v_76,3.9774826291250065e-05,132
XGBoost,w2v_77,1.5937939679133706e-06,163
XGBoost,w2v_78,0.0017396770417690277,47
XGBoost,w2v_79,0.0008667706861160696,68
XGBoost,w2v_80,0.00029771606205031276,93
XGBoost,w2v_81,1.5348994566011243e-05,145
XGBoost,w2v_82,2.244585266453214e-05,141
XGBoost,w2v_83,5.5484102631453425e-05,126
XGBoost,w2v_84,0.0008594697574153543,69
XGBoost,w2v_85,0.0004090276197530329,82
XGBoost,w2v_86,2.2028896182746394e-06,161
XGBoost,w2v_87,0.014003646560013294,9
XGBoost,w2v_88,2.626399145810865e-05,140
XGBoost,w2v_89,0.00237617758102715,40
XGBoost,w2v_90,0.00016814398986753076,107
XGBoost,w2v_91,0.001323159784078598,58
XGBoost,w2v_92,0.00025225270655937493,97
XGBoost,w2v_93,0.015228372067213058,8
XGBoost,w2v_94,0.0003646384575404227,87
XGBoost,w2v_95,0.0011297684395685792,61
XGBoost,w2v_96,0.0023282943293452263,41
XGBoost,w2v_97,0.0002887975424528122,95
XGBoost,w2v_98,0.006480947136878967,23
XGBoost,w2v_99,6.208568811416626e-05,124
