Actual_ISS,Predicted_ISS,Prediction_Error,Absolute_Error,Feature_Age,Feature_SBP on Admission,Feature_Unassisted Resp Rate on Admission,Feature_GCS on Admission,Feature_RTS on Admission,Feature_TRISS,Feature_Advanced_Risk_Score,Feature_Age_Squared,Feature_Age_Log,Feature_Age_Cubic,Feature_BP_HR_Ratio,Feature_GCS_Age_Ratio,Feature_RTS_TRISS_Ratio,Feature_text_length,Feature_word_count,Feature_keyword_count,Feature_keyword_density,Feature_sentence_count,Feature_avg_word_length,Feature_unique_word_ratio,Feature_bigram_count,Feature_trigram_count,Feature_text_risk_score,Feature_severe_injury_flag,Feature_penetrating_injury_flag,Feature_elderly_flag,Feature_critical_gcs,Feature_hypotensive,Feature_tachypneic,Feature_bradypneic,Feature_Gender,Feature_Injury Type,Feature_Transfer In,Feature_Discharge Status,Feature_Age_Group,Feature_BP_Status,Feature_GCS_Status,Feature_tfidf_0,Feature_tfidf_1,Feature_tfidf_2,Feature_tfidf_3,Feature_tfidf_4,Feature_tfidf_5,Feature_tfidf_6,Feature_tfidf_7,Feature_tfidf_8,Feature_tfidf_9,Feature_tfidf_10,Feature_tfidf_11,Feature_tfidf_12,Feature_tfidf_13,Feature_tfidf_14,Feature_tfidf_15,Feature_tfidf_16,Feature_tfidf_17,Feature_tfidf_18,Feature_tfidf_19,Feature_tfidf_20,Feature_tfidf_21,Feature_tfidf_22,Feature_tfidf_23,Feature_tfidf_24,Feature_tfidf_25,Feature_tfidf_26,Feature_tfidf_27,Feature_tfidf_28,Feature_tfidf_29,Feature_tfidf_30,Feature_tfidf_31,Feature_tfidf_32,Feature_tfidf_33,Feature_tfidf_34,Feature_tfidf_35,Feature_tfidf_36,Feature_tfidf_37,Feature_tfidf_38,Feature_tfidf_39,Feature_tfidf_40,Feature_tfidf_41,Feature_tfidf_42,Feature_tfidf_43,Feature_tfidf_44,Feature_tfidf_45,Feature_tfidf_46,Feature_tfidf_47,Feature_tfidf_48,Feature_tfidf_49,Feature_tfidf_50,Feature_tfidf_51,Feature_tfidf_52,Feature_tfidf_53,Feature_tfidf_54,Feature_tfidf_55,Feature_tfidf_56,Feature_tfidf_57,Feature_tfidf_58,Feature_tfidf_59,Feature_tfidf_60,Feature_tfidf_61,Feature_tfidf_62,Feature_tfidf_63,Feature_tfidf_64,Feature_tfidf_65,Feature_tfidf_66,Feature_tfidf_67,Feature_tfidf_68,Feature_tfidf_69,Feature_tfidf_70,Feature_tfidf_71,Feature_tfidf_72,Feature_tfidf_73,Feature_tfidf_74,Feature_tfidf_75,Feature_tfidf_76,Feature_tfidf_77,Feature_tfidf_78,Feature_tfidf_79,Feature_tfidf_80,Feature_tfidf_81,Feature_tfidf_82,Feature_tfidf_83,Feature_tfidf_84,Feature_tfidf_85,Feature_tfidf_86,Feature_tfidf_87,Feature_tfidf_88,Feature_tfidf_89,Feature_tfidf_90,Feature_tfidf_91,Feature_tfidf_92,Feature_tfidf_93,Feature_tfidf_94,Feature_tfidf_95,Feature_tfidf_96,Feature_tfidf_97,Feature_tfidf_98,Feature_tfidf_99,Feature_keyword_0,Feature_keyword_1,Feature_keyword_2,Feature_keyword_3,Feature_keyword_4,Feature_keyword_5,Feature_keyword_6,Feature_keyword_7,Feature_keyword_8,Feature_keyword_9,Feature_keyword_10,Feature_keyword_11,Feature_keyword_12,Feature_keyword_13,Feature_keyword_14,Feature_keyword_15,Feature_keyword_16,Feature_keyword_17,Feature_keyword_18,Feature_keyword_19,Feature_keyword_20,Feature_keyword_21,Feature_keyword_22,Feature_keyword_23,Feature_keyword_24,Feature_keyword_25,Feature_keyword_26,Feature_keyword_27,Feature_keyword_28,Feature_keyword_29,Feature_keyword_30,Feature_keyword_31,Feature_keyword_32,Feature_keyword_33,Feature_keyword_34,Feature_keyword_35,Feature_keyword_36,Feature_keyword_37,Feature_keyword_38,Feature_keyword_39,Feature_keyword_40,Feature_keyword_41,Feature_keyword_42,Feature_keyword_43,Feature_keyword_44,Feature_keyword_45,Feature_w2v_0,Feature_w2v_1,Feature_w2v_2,Feature_w2v_3,Feature_w2v_4,Feature_w2v_5,Feature_w2v_6,Feature_w2v_7,Feature_w2v_8,Feature_w2v_9,Feature_w2v_10,Feature_w2v_11,Feature_w2v_12,Feature_w2v_13,Feature_w2v_14,Feature_w2v_15,Feature_w2v_16,Feature_w2v_17,Feature_w2v_18,Feature_w2v_19,Feature_w2v_20,Feature_w2v_21,Feature_w2v_22,Feature_w2v_23,Feature_w2v_24,Feature_w2v_25,Feature_w2v_26,Feature_w2v_27,Feature_w2v_28,Feature_w2v_29,Feature_w2v_30,Feature_w2v_31,Feature_w2v_32,Feature_w2v_33,Feature_w2v_34,Feature_w2v_35,Feature_w2v_36,Feature_w2v_37,Feature_w2v_38,Feature_w2v_39,Feature_w2v_40,Feature_w2v_41,Feature_w2v_42,Feature_w2v_43,Feature_w2v_44,Feature_w2v_45,Feature_w2v_46,Feature_w2v_47,Feature_w2v_48,Feature_w2v_49,Feature_w2v_50,Feature_w2v_51,Feature_w2v_52,Feature_w2v_53,Feature_w2v_54,Feature_w2v_55,Feature_w2v_56,Feature_w2v_57,Feature_w2v_58,Feature_w2v_59,Feature_w2v_60,Feature_w2v_61,Feature_w2v_62,Feature_w2v_63,Feature_w2v_64,Feature_w2v_65,Feature_w2v_66,Feature_w2v_67,Feature_w2v_68,Feature_w2v_69,Feature_w2v_70,Feature_w2v_71,Feature_w2v_72,Feature_w2v_73,Feature_w2v_74,Feature_w2v_75,Feature_w2v_76,Feature_w2v_77,Feature_w2v_78,Feature_w2v_79,Feature_w2v_80,Feature_w2v_81,Feature_w2v_82,Feature_w2v_83,Feature_w2v_84,Feature_w2v_85,Feature_w2v_86,Feature_w2v_87,Feature_w2v_88,Feature_w2v_89,Feature_w2v_90,Feature_w2v_91,Feature_w2v_92,Feature_w2v_93,Feature_w2v_94,Feature_w2v_95,Feature_w2v_96,Feature_w2v_97,Feature_w2v_98,Feature_w2v_99
35,30.781418279146724,4.218581720853276,4.218581720853276,23,92,19,15,11,0.99,33.15,529,3.1780538303479458,12167,4.6,0.625,10.091743119266054,198,39,5,0.125,4,4.102564102564102,0.9487179487179487,197,196,28.835,0,0,0,0,0,0,0,1,1,0,2,3,3,0,0.0,0.0,0.0,0.0,0.0,0.0,0.0,0.0,0.16483266231672947,0.16483266231672947,0.0,0.0,0.0,0.0,0.0,0.0,0.0,0.0,0.0,0.0,0.23368751242924415,0.0,0.0,0.22080608070347293,0.0,0.0,0.0,0.0,0.0,0.0,0.0,0.0,0.0,0.0,0.0,0.23731150007646365,0.23731150007646365,0.23731150007646365,0.23731150007646365,0.0,0.0,0.0,0.0,0.0,0.0,0.0,0.0,0.0,0.1718336594533392,0.0,0.0,0.0,0.0,0.0,0.0,0.0,0.2074357039863247,0.22381301404175305,0.0,0.17484059279161926,0.17484059279161926,0.0,0.12981625273534275,0.0,0.0,0.17484059279161926,0.17484059279161926,0.12434870933906834,0.0,0.23731150007646365,0.0,0.0,0.16617846051705681,0.23731150007646365,0.0,0.0,0.0,0.0,0.0,0.0,0.0,0.0,0.0,0.0,0.0,0.0,0.22381301404175305,0.0,0.0,0.0,0.0,0.0,0.0,0.0,0.16483266231672947,0.0,0.0,0.0,0.3496811855832385,0.0,0,0,0,0,0,0,0,0,0,0,0,0,0,0,0,0,0,0,0,0,0,1,0,0,0,2,0,0,0,0,0,1,0,0,0,0,0,0,0,0,0,0,0,0,1,0,-0.020322334,0.094530635,-0.07069063,-0.05407247,0.06427997,-0.1338791,0.10219954,0.24551487,-0.21952195,-0.0852112,-0.09529285,-0.14456686,-0.02022801,0.052602958,0.10628605,-0.12968087,0.0008818959,-0.08637668,-0.0561248,-0.3693484,0.041483458,0.061963312,0.10185478,-0.08074036,-0.016353529,0.020672679,-0.016357357,-0.069656834,-0.08846645,0.05865705,0.20277596,-0.05791705,0.10101608,-0.16769049,-0.05411058,0.17455706,-0.06040768,0.04546784,0.016946703,-0.2499105,0.09984855,-0.1573324,-0.09896849,0.08335767,0.21387236,-0.06302313,-0.10416552,-0.031526167,0.10354332,-0.054253142,0.017108914,-0.13741192,0.04316345,-0.021609932,-0.14395706,0.07039444,-0.09950654,-0.02703692,-0.12612529,0.050873797,0.085311756,0.023869447,0.11205915,-0.007835786,-0.1411031,0.20695865,0.105868354,0.23331165,-0.20604873,0.20249553,-0.1502643,0.16804697,0.12739523,0.057827126,0.11964536,0.07336669,0.020101622,0.07413454,-0.09952445,-0.015251182,0.011000184,-0.032932263,-0.20564774,0.26841503,-0.05145361,-0.049141116,0.22280498,0.077701285,0.092204645,-0.02401567,0.18164295,0.11683597,0.044230096,0.049578752,0.21012148,0.11738105,0.24001157,-0.059236936,0.058289684,-0.089441076
68,74.85348480018502,-6.853484800185015,6.853484800185015,73,139,24,4,7,0.572,72.275,5329,4.30406509320417,389017,5.56,0.05405405405405406,10.416666666666668,179,34,6,0.17142857142857143,4,4.294117647058823,1.0,178,177,32.15142857142857,1,0,1,1,0,0,0,0,0,0,2,0,0,2,0.0,0.0,0.254009509177944,0.0,0.0,0.0,0.0,0.0,0.18961916047861677,0.18961916047861677,0.0,0.0,0.0,0.0,0.0,0.2306277135379315,0.24443651477441034,0.0,0.0,0.0,0.0,0.0,0.0,0.0,0.0,0.0,0.0,0.2610814904723941,0.0,0.0,0.0,0.0,0.0,0.0,0.0,0.0,0.0,0.0,0.0,0.2066134126607756,0.2066134126607756,0.2610814904723941,0.2610814904723941,0.2066134126607756,0.0,0.0,0.0,0.0,0.19767292349438528,0.0,0.0,0.0,0.0,0.2610814904723941,0.2610814904723941,0.0,0.0,0.0,0.0,0.0,0.0,0.0,0.1493372036475158,0.0,0.0,0.0,0.0,0.14304748549268903,0.22812670042884783,0.0,0.0,0.0,0.0,0.0,0.0,0.0,0.0,0.0,0.0,0.0,0.09731719936016359,0.0,0.2066134126607756,0.0,0.0,0.0,0.0,0.24443651477441034,0.0,0.0,0.0,0.0,0.0,0.0,0.18961916047861677,0.0,0.0,0.0,0.0,0.0,0,0,0,0,0,0,0,0,0,0,0,0,0,0,1,0,0,0,0,0,1,1,0,0,0,2,0,0,0,0,0,0,0,0,0,0,1,0,0,0,0,0,0,0,0,0,0.0037410643,0.10568948,-0.07961609,-0.03246492,0.05928066,-0.12546392,0.10719311,0.23988703,-0.23432902,-0.06386354,-0.102120325,-0.1429116,-0.028595997,0.054048114,0.09346454,-0.12586792,0.021863194,-0.063887194,-0.072757065,-0.36593464,0.028566424,0.024876222,0.08845832,-0.06302985,-0.023093827,-0.013342437,-0.014759347,-0.07116485,-0.10613051,0.06363494,0.20675041,-0.07193245,0.1066484,-0.18001634,-0.04573853,0.15833451,-0.053436276,0.04030373,0.030577047,-0.24316052,0.07939475,-0.18725494,-0.10268534,0.08989546,0.22271459,-0.053569395,-0.10082104,-0.0065151644,0.11994513,-0.058535628,0.01964888,-0.17210716,0.05058112,-0.031249395,-0.15639643,0.07134097,-0.10569301,-0.041028164,-0.14192554,0.056336112,0.09387278,0.02960517,0.10348245,0.00798729,-0.115956105,0.21411894,0.09762602,0.23596208,-0.20993319,0.18002713,-0.1452801,0.15617974,0.13690421,0.026585069,0.14097112,0.07281707,0.013753346,0.07786069,-0.08399662,-0.01537757,0.011953806,-0.05147199,-0.20795244,0.27045524,-0.050188243,-0.05239443,0.21026137,0.0756279,0.1218735,-0.011380111,0.20135994,0.1249077,0.035416316,0.04657806,0.213802,0.09922062,0.22275639,-0.049448773,0.0364512,-0.07601995
65,59.39360837163427,5.606391628365728,5.606391628365728,36,94,25,5,7,0.759,70.55,1296,3.6109179126442243,46656,3.6153846153846154,0.13513513513513514,8.149010477299186,173,31,4,0.125,4,4.612903225806452,0.967741935483871,172,171,25.335,1,0,0,1,0,0,0,0,2,0,1,1,3,2,0.0,0.0,0.0,0.0,0.0,0.0,0.0,0.3135267232948685,0.0,0.0,0.0,0.0,0.24488439345802954,0.24488439345802954,0.0,0.0,0.0,0.0,0.0,0.29936577861371944,0.0,0.0,0.0,0.0,0.0,0.0,0.0,0.0,0.24017237074655035,0.24017237074655035,0.24017237074655035,0.0,0.0,0.0,0.2762789539532732,0.0,0.0,0.0,0.0,0.0,0.0,0.0,0.0,0.0,0.14892798941904972,0.2635878694695645,0.0,0.0,0.22342352810224037,0.24488439345802954,0.0,0.0,0.0,0.0,0.0,0.0,0.0,0.0,0.0,0.0,0.0,0.0,0.0,0.0,0.0,0.0,0.0,0.0,0.0,0.0,0.18746059512415247,0.2762789539532732,0.0,0.0,0.0,0.0,0.0,0.0,0.0,0.0,0.10999458925235366,0.24017237074655035,0.0,0.0,0.0,0.0,0.0,0.0,0.0,0.0,0.0,0.0,0.0,0.0,0.0,0.0,0.24488439345802954,0.0,0.0,0.0,0,0,0,0,1,0,1,0,0,0,0,0,0,1,0,0,0,0,0,0,0,1,0,0,0,0,0,0,0,0,0,0,0,0,0,0,0,0,0,0,0,0,0,0,0,0,0.0062723593,0.07924343,-0.06272433,-0.031196827,0.06931846,-0.12009466,0.0968958,0.23653299,-0.20726517,-0.0609077,-0.09061487,-0.15551905,-0.013454785,0.04423627,0.09103016,-0.11756424,0.01847307,-0.07321666,-0.06892921,-0.3423434,0.03477709,0.037575047,0.088866845,-0.07642972,-0.0144342305,0.014636607,-0.009653547,-0.062916614,-0.109422654,0.052087452,0.17314376,-0.051963378,0.102046825,-0.16370656,-0.059581693,0.16703956,-0.049388554,0.01767797,0.008983377,-0.21731474,0.08177509,-0.18271889,-0.08452987,0.093015805,0.22923698,-0.041239403,-0.09611937,-0.023356462,0.09635838,-0.050963428,0.012854559,-0.13812715,0.04163194,-0.025777392,-0.14241068,0.047660537,-0.07941919,-0.041480973,-0.1280533,0.043955103,0.09155515,0.019822156,0.10332369,0.009650996,-0.10753993,0.20912872,0.09126034,0.22805706,-0.1895711,0.17369442,-0.12958555,0.14330998,0.12099864,0.040827453,0.123188145,0.0779003,0.035376687,0.06570414,-0.075162575,-0.0055605797,0.0060037794,-0.04251238,-0.19962266,0.23310126,-0.049063664,-0.04189121,0.21496257,0.0885328,0.11333007,-0.0048305844,0.168941,0.11277508,0.035522394,0.05181961,0.20555516,0.105765544,0.2041813,-0.05321417,0.054479588,-0.09596503
25,22.468338808189316,2.5316611918106844,2.5316611918106844,57,144,16,14,10,0.99,28.85,3249,4.060443010546419,185193,8.470588235294118,0.2413793103448276,9.174311926605505,163,30,6,0.1935483870967742,3,4.466666666666667,1.0,162,161,30.16322580645161,0,0,0,0,0,0,0,1,0,1,0,2,0,0,0.0,0.0,0.0,0.30620486784293316,0.30620486784293316,0.0,0.0,0.0,0.0,0.0,0.0,0.0,0.0,0.0,0.0,0.0,0.0,0.0,0.0,0.36312617387119506,0.0,0.0,0.0,0.0,0.36312617387119506,0.0,0.0,0.0,0.0,0.0,0.0,0.0,0.0,0.0,0.0,0.0,0.0,0.0,0.0,0.0,0.0,0.0,0.0,0.0,0.0,0.0,0.0,0.0,0.0,0.0,0.0,0.0,0.0,0.0,0.0,0.32338188013966085,0.0,0.0,0.0,0.0,0.0,0.0,0.0,0.0,0.31276146554053746,0.0,0.0,0.19611795164913812,0.0,0.0,0.22738687425888388,0.0,0.0,0.0,0.0,0.0,0.0,0.0,0.0,0.0,0.1334217776216803,0.0,0.0,0.0,0.0,0.3803031861679227,0.0,0.0,0.0,0.0,0.0,0.0,0.30620486784293316,0.0,0.0,0.0,0.0,0.0,0.0,0.0,1,0,0,0,0,0,0,0,0,0,0,1,0,0,0,0,0,0,0,0,0,0,0,0,2,0,0,0,1,0,0,0,0,0,0,0,0,0,1,0,0,0,0,0,0,0,0.0052535506,0.07813786,-0.064107284,-0.032459367,0.065199144,-0.13052914,0.10004965,0.22784686,-0.21448493,-0.06724898,-0.097783744,-0.14491756,-0.013106081,0.047578983,0.09275264,-0.12018822,0.010156236,-0.06289015,-0.056074586,-0.3375028,0.03355998,0.0389516,0.07578303,-0.071271494,-0.014924197,0.0064439997,-0.010653804,-0.06001056,-0.100610204,0.055771954,0.18290101,-0.05423373,0.0981313,-0.16082096,-0.047360234,0.16975558,-0.045961197,0.030117571,0.019388089,-0.22407639,0.082708396,-0.17567699,-0.088291205,0.0905684,0.21305545,-0.048295595,-0.09770734,-0.018852279,0.103860326,-0.056727193,0.014002071,-0.1358054,0.051453967,-0.027426276,-0.13751632,0.060604956,-0.08867115,-0.0375499,-0.121225886,0.048569642,0.08627339,0.025412148,0.09887793,0.005098276,-0.11472301,0.20108148,0.09474163,0.22752652,-0.18926093,0.18036215,-0.12689413,0.14656118,0.1275355,0.04035925,0.13126004,0.077824235,0.023658993,0.07497592,-0.07308716,-0.0061904616,0.00940956,-0.043126013,-0.19585134,0.2347423,-0.047514208,-0.044749666,0.2021164,0.07688663,0.117690384,-0.008820997,0.17512488,0.118208185,0.040040135,0.04348026,0.1963924,0.09772774,0.2033929,-0.049893983,0.053749744,-0.08952246
53,55.32507800888847,-2.325078008888468,2.325078008888468,47,93,24,11,9,0.99,53.725,2209,3.871201010907891,103823,3.72,0.22916666666666666,8.256880733944953,169,31,5,0.15625,4,4.483870967741935,1.0,168,167,28.72375,0,0,0,0,0,0,0,1,1,0,2,1,3,1,0.0,0.0,0.0,0.0,0.0,0.0,0.0,0.0,0.0,0.0,0.2596363412478987,0.2596363412478987,0.0,0.0,0.0,0.0,0.0,0.3127592454326252,0.3340566773827995,0.0,0.0,0.3294339517127685,0.0,0.0,0.0,0.0,0.0,0.0,0.0,0.0,0.0,0.0,0.0,0.0,0.0,0.0,0.0,0.0,0.0,0.0,0.0,0.0,0.0,0.0,0.16859266667984338,0.0,0.28878612102577494,0.0,0.0,0.0,0.0,0.0,0.0,0.0,0.0,0.0,0.0,0.0,0.33889448938413413,0.0,0.0,0.0,0.0,0.0,0.0,0.0,0.0,0.0,0.0,0.0,0.0,0.0,0.2446007314278225,0.0,0.0,0.0,0.0,0.0,0.0,0.0,0.12451844139404128,0.0,0.0,0.0,0.0,0.0,0.0,0.0,0.3340566773827995,0.0,0.0,0.0,0.0,0.0,0.0,0.2596363412478987,0.0,0.0,0.2573506623363776,0.0,0,0,0,0,0,0,0,0,0,0,0,0,0,0,0,0,0,0,0,0,0,0,0,0,0,0,0,0,0,0,0,1,0,0,0,2,0,1,0,0,0,0,0,0,1,0,0.00081815,0.08988664,-0.07042951,-0.046207335,0.07168272,-0.13466257,0.10914624,0.25957316,-0.2485703,-0.07544893,-0.09940698,-0.1609215,-0.013703567,0.06527062,0.104906894,-0.13310587,-6.1776955e-05,-0.08492548,-0.0790631,-0.38346058,0.042209387,0.041256025,0.100202404,-0.08689288,-0.011001049,0.0009502759,-0.0055419942,-0.0672349,-0.10089134,0.062162153,0.20761994,-0.06927259,0.11192463,-0.17964089,-0.04768497,0.17498226,-0.057336934,0.023111632,0.023115963,-0.25135016,0.08446631,-0.1889736,-0.10545094,0.09689861,0.24142316,-0.059986416,-0.09893169,-0.025853056,0.1027883,-0.04883923,0.016198479,-0.154647,0.02784745,-0.029272811,-0.14674175,0.07868174,-0.10299743,-0.02730146,-0.12819898,0.058868363,0.093254685,0.023099996,0.11022743,0.0087937815,-0.14969136,0.21604161,0.112757795,0.24855316,-0.20801578,0.20770708,-0.15529545,0.1528608,0.13223472,0.049199767,0.1270399,0.083608694,0.027685408,0.07542767,-0.09298308,-0.00090680196,0.018006533,-0.04192083,-0.21683139,0.27218732,-0.060294814,-0.045378026,0.22801493,0.08459038,0.11839655,-0.018372668,0.18068996,0.13275833,0.042152002,0.051027033,0.22301164,0.11354822,0.25248203,-0.058698796,0.060033556,-0.10435291
75,76.22980201267512,-1.2298020126751226,1.2298020126751226,18,90,30,8,7,0.641,80.65,324,2.9444389791664403,5832,2.903225806451613,0.42105263157894735,9.446693657219972,182,36,10,0.2702702702702703,4,4.083333333333333,0.9722222222222222,181,180,45.69405405405406,1,1,0,1,0,0,0,1,3,0,2,3,2,2,0.0,0.0,0.0,0.0,0.0,0.0,0.0,0.0,0.0,0.0,0.19176077562314045,0.19176077562314045,0.0,0.0,0.0,0.0,0.0,0.23099599693636394,0.24672573665583986,0.25029882113714175,0.0,0.0,0.0,0.0,0.0,0.0,0.0,0.0,0.0,0.0,0.0,0.0,0.0,0.0,0.0,0.0,0.0,0.0,0.0,0.0,0.0,0.0,0.0,0.0,0.12451824105791276,0.0,0.21329005905312146,0.0,0.0,0.0,0.0,0.0,0.0,0.0,0.0,0.22290352279805825,0.0,0.0,0.0,0.19007263151052464,0.19007263151052464,0.0,0.14112578993397623,0.0,0.0,0.19007263151052464,0.19007263151052464,0.0,0.0,0.0,0.0,0.0,0.180655857924767,0.0,0.257985977895893,0.0,0.0,0.0,0.257985977895893,0.257985977895893,0.0,0.0,0.0,0.0,0.0,0.0,0.0,0.0,0.24672573665583986,0.0,0.0,0.0,0.0,0.0,0.0,0.19176077562314045,0.0,0.0,0.3801452630210493,0.0,0,0,0,0,0,0,0,0,1,0,0,0,0,0,0,0,0,0,0,0,0,0,0,0,2,2,0,0,0,0,0,1,0,0,0,0,0,0,0,2,0,1,0,0,1,0,-0.012625092,0.090611845,-0.06963139,-0.052918237,0.067790724,-0.12592378,0.09889166,0.23690008,-0.21007061,-0.08076221,-0.08979684,-0.13973822,-0.021604078,0.04714841,0.10548319,-0.12786356,-0.00025511347,-0.0768542,-0.056399338,-0.35167354,0.03944378,0.054592203,0.098598234,-0.07231929,-0.014687382,0.0114683,-0.016247531,-0.068604596,-0.0860959,0.055735882,0.18738942,-0.05609143,0.10541958,-0.15706338,-0.050427806,0.16851203,-0.0579751,0.037467886,0.021023586,-0.23489225,0.09298138,-0.15478407,-0.095638625,0.081658006,0.21016932,-0.055717878,-0.09872519,-0.02557408,0.101592645,-0.053331364,0.013530038,-0.13266245,0.041408475,-0.024861382,-0.13718179,0.068780504,-0.09744973,-0.027015947,-0.11612926,0.049326204,0.081526265,0.0280503,0.10712006,-0.0022669442,-0.13400948,0.19718772,0.10310086,0.22988829,-0.19711629,0.19147831,-0.14157066,0.15747224,0.12648019,0.060565777,0.11411946,0.07264873,0.02200419,0.07453457,-0.09069166,-0.018200543,0.008031858,-0.031979833,-0.19382226,0.2545023,-0.054032598,-0.04564745,0.21726839,0.075786225,0.10074277,-0.024111215,0.17676067,0.114078134,0.039314937,0.04785892,0.20386189,0.11456389,0.2287971,-0.058044247,0.057210688,-0.08616742
75,66.83111029848618,8.16888970151382,8.16888970151382,61,86,27,7,7,0.678,71.8,3721,4.127134385045092,226981,3.0714285714285716,0.11290322580645161,8.997429305912597,147,30,5,0.16129032258064516,3,3.933333333333333,1.0,146,145,26.359354838709677,1,0,0,1,1,0,0,1,0,0,2,2,2,2,0.0,0.0,0.0,0.0,0.0,0.0,0.0,0.0,0.2237302662679796,0.2237302662679796,0.0,0.0,0.0,0.0,0.0,0.0,0.0,0.0,0.0,0.0,0.0,0.0,0.0,0.0,0.0,0.0,0.0,0.0,0.0,0.0,0.0,0.0,0.0,0.0,0.0,0.0,0.0,0.0,0.0,0.0,0.0,0.0,0.0,0.0,0.15546660912570193,0.0,0.26630220568075014,0.0,0.0,0.0,0.0,0.0,0.0,0.0,0.0,0.0,0.28155612264011787,0.30378533308879463,0.0,0.0,0.0,0.0,0.0,0.0,0.2691650321673973,0.0,0.0,0.0,0.0,0.0,0.0,0.0,0.2255569417913273,0.0,0.32210706515520615,0.0,0.0,0.0,0.32210706515520615,0.32210706515520615,0.0,0.0,0.0,0.0,0.0,0.0,0.30378533308879463,0.0,0.0,0.0,0.0,0.0,0.0,0.0,0.2237302662679796,0.0,0.0,0.0,0.2373142059949015,0.0,0,0,0,0,0,0,0,0,0,0,0,0,0,0,0,0,0,1,0,0,0,0,0,0,0,0,0,0,1,1,0,1,0,0,0,0,0,0,0,0,0,0,0,0,1,0,-0.015236923,0.08997814,-0.06548103,-0.05282781,0.06471942,-0.12626101,0.10172224,0.24191579,-0.20791616,-0.09087302,-0.09165557,-0.1434004,-0.01740665,0.052527506,0.10071952,-0.124462925,0.0005920943,-0.08260666,-0.05577379,-0.3543616,0.04973219,0.05886428,0.09971901,-0.08002371,-0.019502413,0.018652393,-0.015409042,-0.06920828,-0.08428845,0.058448397,0.19639604,-0.058679737,0.10191429,-0.15974718,-0.052498378,0.17414886,-0.05751097,0.03869188,0.015711488,-0.236042,0.09211179,-0.15032853,-0.09334891,0.07702988,0.20927739,-0.05679722,-0.103980355,-0.038203903,0.10081809,-0.048309762,0.011246531,-0.13307542,0.038266595,-0.027872434,-0.13562861,0.07368549,-0.0961964,-0.025163054,-0.11896411,0.051878374,0.0802029,0.02237361,0.111005396,-5.5673925e-05,-0.14004287,0.19782043,0.09945224,0.22389606,-0.19245021,0.19314176,-0.14808191,0.15834706,0.122390196,0.056113087,0.111646384,0.06743382,0.02576811,0.0724644,-0.09302286,-0.012184696,0.005762553,-0.029085265,-0.19715294,0.2556191,-0.05559713,-0.047820665,0.21563466,0.075955875,0.0967305,-0.026708212,0.17206247,0.11186134,0.039677363,0.045737453,0.20186421,0.11575608,0.22673982,-0.05826509,0.054511506,-0.08429486
75,66.62703152343823,8.372968476561766,8.372968476561766,28,86,26,7,7,0.519,64.65,784,3.367295829986474,21952,3.185185185185185,0.2413793103448276,11.308562197092083,159,30,3,0.0967741935483871,4,4.333333333333333,1.0,158,157,21.631612903225808,1,0,0,1,1,0,0,1,1,0,1,3,2,2,0.2768795028724419,0.0,0.0,0.0,0.0,0.24271620217151493,0.24271620217151493,0.0,0.0,0.0,0.0,0.0,0.0,0.0,0.0,0.0,0.0,0.0,0.0,0.0,0.0,0.0,0.0,0.0,0.0,0.0,0.0,0.28076476721383503,0.0,0.0,0.0,0.0,0.0,0.0,0.0,0.0,0.0,0.0,0.0,0.22219026942123446,0.22219026942123446,0.28076476721383503,0.28076476721383503,0.22219026942123446,0.0,0.0,0.0,0.0,0.0,0.0,0.0,0.0,0.0,0.28076476721383503,0.28076476721383503,0.0,0.0,0.0,0.0,0.0,0.0,0.0,0.0,0.0,0.24532547223196652,0.0,0.0,0.15383202345064734,0.24532547223196652,0.0,0.0,0.0,0.0,0.0,0.0,0.0,0.0,0.0,0.0,0.0,0.10465407093708844,0.0,0.22219026942123446,0.0,0.0,0.0,0.0,0.0,0.0,0.0,0.0,0.0,0.0,0.24271620217151493,0.0,0.0,0.0,0.0,0.0,0.0,0,0,0,0,0,0,0,0,0,0,0,0,0,0,0,0,0,0,0,0,1,0,0,0,0,0,0,0,1,1,0,0,0,0,0,0,0,0,0,0,0,0,0,0,0,0,0.0056118323,0.097535156,-0.07408868,-0.027425257,0.060688946,-0.12519766,0.10471295,0.23150359,-0.22387914,-0.06548593,-0.099749826,-0.13819976,-0.029264748,0.05359568,0.091044545,-0.11926662,0.017917648,-0.06272823,-0.06924606,-0.3494843,0.035150938,0.03045684,0.084864244,-0.06675234,-0.021166984,-0.0058604903,-0.016423542,-0.06916098,-0.10158073,0.06906972,0.19749235,-0.06972151,0.1005467,-0.17048815,-0.043654416,0.15623558,-0.05255011,0.03622543,0.024492865,-0.2334445,0.07290347,-0.17573895,-0.094521955,0.087214135,0.20974395,-0.055851102,-0.09908488,-0.01603727,0.11794577,-0.053935092,0.015247106,-0.16459124,0.048693508,-0.03202708,-0.14406131,0.06552119,-0.096133605,-0.035159107,-0.13439964,0.057677068,0.09115515,0.026949478,0.100835375,0.005994632,-0.116917774,0.2039763,0.09738701,0.22950517,-0.1989427,0.17424886,-0.14138451,0.146759,0.13272543,0.025449676,0.13314125,0.07125784,0.012278961,0.07461727,-0.08118616,-0.016511265,0.012113959,-0.04810593,-0.20159973,0.25739416,-0.049004324,-0.05394476,0.20229273,0.074431375,0.11820942,-0.014847085,0.1910353,0.12548134,0.035787873,0.042956926,0.20281376,0.095049575,0.20879291,-0.051938735,0.042438623,-0.07719577
32,40.7828520248287,-8.7828520248287,8.7828520248287,79,149,15,14,10,0.99,25.825,6241,4.382026634673881,493039,9.3125,0.175,9.174311926605505,183,32,5,0.15151515151515152,4,4.75,0.96875,182,181,28.932727272727274,0,0,1,0,0,0,0,0,1,0,2,0,0,0,0.25319405454892513,0.27278599202314363,0.0,0.0,0.0,0.0,0.0,0.0,0.0,0.0,0.19954949271931968,0.19954949271931968,0.0,0.0,0.0,0.0,0.0,0.24037832481150273,0.2567469568814784,0.0,0.0,0.0,0.0,0.0,0.0,0.0,0.0,0.0,0.0,0.0,0.0,0.2497923862101241,0.0,0.0,0.0,0.0,0.0,0.0,0.0,0.0,0.0,0.0,0.0,0.0,0.12957577876218193,0.0,0.0,0.23747156295704824,0.0,0.0,0.0,0.0,0.0,0.0,0.0,0.23195715993096058,0.0,0.0,0.0,0.0,0.0,0.23747156295704824,0.14685787382443125,0.23747156295704824,0.22433928966983754,0.0,0.0,0.0,0.0,0.0,0.0,0.0,0.0,0.0,0.0,0.0,0.0,0.0,0.0,0.0,0.0957015173413532,0.0,0.0,0.23747156295704824,0.0,0.0,0.0,0.0,0.2567469568814784,0.23747156295704824,0.23747156295704824,0.0,0.0,0.0,0.0,0.19954949271931968,0.0,0.0,0.0,0.0,0,0,0,0,0,0,0,0,0,0,0,0,0,0,0,0,0,0,0,0,0,0,0,0,2,2,0,0,1,0,0,0,0,0,0,0,0,0,0,0,0,0,0,0,0,0,-0.0012826654,0.096858405,-0.06855571,-0.031707365,0.075171456,-0.12156854,0.081966415,0.24941052,-0.20711151,-0.059420608,-0.08900809,-0.15155177,-0.0011977688,0.05983643,0.09965371,-0.1166221,0.009585023,-0.071269855,-0.057736445,-0.34801456,0.03218054,0.027029628,0.08457377,-0.060943976,-0.015845409,0.0069253105,-0.011320319,-0.057308637,-0.10308993,0.050497357,0.19482738,-0.067089625,0.09647233,-0.16955264,-0.04304051,0.16022016,-0.045769624,0.025122235,0.023087554,-0.2319568,0.07900068,-0.16790253,-0.10764273,0.09499145,0.20983031,-0.04268664,-0.09125361,-0.010145027,0.09472828,-0.055680387,0.020699952,-0.14333841,0.034027446,-0.02457184,-0.13500501,0.06718877,-0.09051324,-0.037345793,-0.13283604,0.030189564,0.08057905,0.03167713,0.10059588,0.01627896,-0.11885989,0.20345727,0.103634164,0.23182125,-0.1841996,0.18774654,-0.11798504,0.14666902,0.1242649,0.05182543,0.11759536,0.077572495,0.02379956,0.06138675,-0.090075254,-0.0036970277,-0.0011108182,-0.044642784,-0.18898566,0.23839107,-0.061592214,-0.030888965,0.21498556,0.075243905,0.1121192,-0.008990348,0.18497652,0.10319111,0.030023787,0.063863434,0.20209195,0.106133096,0.20737338,-0.051815707,0.03974284,-0.09203742
75,66.18835798604266,8.81164201395734,8.81164201395734,16,70,23,6,6,0.568,72.55,256,2.833213344056216,4096,2.9166666666666665,0.35294117647058826,8.982035928143713,168,32,7,0.21212121212121213,4,4.28125,1.0,167,166,35.541818181818186,1,0,0,1,1,0,0,1,0,1,1,3,2,2,0.0,0.0,0.0,0.0,0.0,0.0,0.0,0.0,0.2306480723537309,0.2306480723537309,0.0,0.0,0.0,0.0,0.0,0.0,0.0,0.0,0.0,0.0,0.0,0.0,0.0,0.0,0.0,0.0,0.0,0.0,0.2584692810047599,0.2584692810047599,0.2584692810047599,0.0,0.0,0.0,0.2973265507730154,0.0,0.0,0.0,0.0,0.0,0.0,0.0,0.0,0.0,0.0,0.0,0.0,0.0,0.0,0.0,0.0,0.0,0.3221721853983472,0.0,0.0,0.0,0.0,0.0,0.0,0.0,0.0,0.0,0.0,0.0,0.0,0.0,0.0,0.17399943497618048,0.0,0.0,0.20174179522754296,0.2973265507730154,0.0,0.0,0.0,0.3221721853983472,0.3221721853983472,0.0,0.0,0.0,0.11837424225816404,0.2584692810047599,0.0,0.0,0.0,0.0,0.0,0.0,0.0,0.0,0.0,0.0,0.0,0.0,0.2306480723537309,0.0,0.0,0.0,0.0,0.0,0,0,0,1,1,0,0,1,0,0,0,0,0,1,0,0,1,0,0,1,0,0,0,1,0,0,0,0,0,0,0,0,0,0,0,0,0,0,0,0,0,0,0,0,0,0,0.009363822,0.078638546,-0.06414686,-0.027081618,0.06655851,-0.131129,0.10788149,0.23690602,-0.21738654,-0.07159275,-0.09602444,-0.1535019,-0.016450502,0.04815085,0.0899249,-0.119016364,0.010296074,-0.06799689,-0.07060299,-0.34577394,0.030956915,0.03693441,0.08283109,-0.082707025,-0.011741895,0.009703034,-0.0096236905,-0.060916178,-0.10957632,0.056454845,0.1759978,-0.054382667,0.10870082,-0.1647055,-0.050526485,0.16632389,-0.048139814,0.027564421,0.015930621,-0.22285286,0.08270848,-0.1846829,-0.092143945,0.08697597,0.22756056,-0.05666585,-0.09551955,-0.018073823,0.10144374,-0.049843635,0.01025256,-0.14487277,0.050597776,-0.02715626,-0.14341801,0.06155007,-0.08797656,-0.038576473,-0.12355254,0.05433632,0.09148006,0.01851715,0.101014785,0.008268411,-0.11520065,0.2078644,0.09964668,0.23670854,-0.19852088,0.18192443,-0.1300297,0.14691241,0.13074252,0.031046461,0.12716891,0.081884265,0.030281367,0.072783455,-0.07390399,-0.0060436893,0.01219089,-0.04158671,-0.20415547,0.2428951,-0.049692597,-0.046219032,0.21219541,0.08763311,0.12085,-0.01155804,0.1700535,0.12291108,0.041269172,0.048959304,0.20270374,0.10227582,0.21340089,-0.04806312,0.063720115,-0.09126774
30,46.29014417863202,-16.29014417863202,16.29014417863202,27,110,16,12,10,0.99,37.6,729,3.332204510175204,19683,6.470588235294118,0.42857142857142855,9.174311926605505,170,30,6,0.1935483870967742,4,4.7,0.9666666666666667,169,168,32.30322580645161,0,0,0,0,0,0,0,0,2,1,2,3,3,1,0.0,0.0,0.0,0.245803684444969,0.245803684444969,0.0,0.0,0.3052855593862949,0.0,0.0,0.0,0.0,0.0,0.0,0.0,0.0,0.0,0.0,0.0,0.0,0.0,0.2833594496659298,0.0,0.0,0.0,0.0,0.0,0.0,0.23385935266364993,0.23385935266364993,0.23385935266364993,0.0,0.0,0.0,0.26901686120376034,0.0,0.0,0.0,0.0,0.0,0.0,0.0,0.0,0.0,0.14501336307243876,0.25665936648971677,0.0,0.0,0.0,0.23844751814503998,0.0,0.0,0.0,0.0,0.0,0.0,0.0,0.0,0.0,0.0,0.0,0.0,0.0,0.0,0.0,0.0,0.0,0.0,0.0,0.0,0.18253312522754678,0.26901686120376034,0.0,0.0,0.0,0.0,0.0,0.0,0.0,0.0,0.1071033414838745,0.23385935266364993,0.0,0.0,0.0,0.3052855593862949,0.0,0.0,0.0,0.0,0.0,0.0,0.245803684444969,0.0,0.0,0.0,0.0,0.0,0.0,0.0,0,0,0,0,1,0,0,0,0,0,0,0,0,1,0,0,0,0,0,0,0,1,0,0,0,0,0,0,0,0,0,0,1,2,0,0,0,0,0,0,0,0,0,0,0,0,0.0095377285,0.07619226,-0.059433006,-0.026211035,0.06446523,-0.11877783,0.098818675,0.23034441,-0.2091854,-0.05822605,-0.09287132,-0.15605256,-0.013254291,0.042817466,0.094013095,-0.116953455,0.014153896,-0.07387532,-0.07137724,-0.34050235,0.035663817,0.037575595,0.08529393,-0.07612371,-0.015213291,0.011642233,-0.011622839,-0.06400963,-0.110288024,0.05380451,0.1697808,-0.049972903,0.10283714,-0.16125746,-0.056279548,0.16518454,-0.050468814,0.021037238,0.0069923666,-0.21260238,0.07999648,-0.18617225,-0.08392046,0.09483546,0.22693741,-0.041962076,-0.095944904,-0.019605083,0.09394415,-0.047006406,0.0117077185,-0.13945702,0.044819515,-0.03127278,-0.13902172,0.04944594,-0.08167881,-0.038884487,-0.12714733,0.049877863,0.0923102,0.020097742,0.10102751,0.010840989,-0.10390659,0.20518649,0.09194823,0.23153903,-0.19039121,0.17278825,-0.12541413,0.14083302,0.124117,0.03196718,0.1244821,0.07482683,0.035205457,0.066213414,-0.06875357,-0.0077835238,0.0069042933,-0.043875493,-0.20227407,0.23261753,-0.048559688,-0.043494843,0.21126144,0.09065489,0.11908128,-0.007796629,0.16758128,0.11250256,0.035666205,0.051945396,0.19809096,0.10380225,0.20079331,-0.050275963,0.05578819,-0.094160564
20,16.523856658104656,3.4761433418953445,3.4761433418953445,54,141,15,15,11,0.99,16.575,2916,4.007333185232471,157464,8.8125,0.2727272727272727,10.091743119266054,174,32,2,0.06060606060606061,4,4.46875,0.9375,173,172,18.38909090909091,0,0,0,0,0,0,0,1,0,0,0,2,0,0,0.27576161038498137,0.29709980585753093,0.0,0.0,0.0,0.0,0.0,0.0,0.0,0.0,0.2173356304192069,0.2173356304192069,0.0,0.0,0.0,0.0,0.0,0.0,0.0,0.0,0.0,0.0,0.2923931912723937,0.0,0.0,0.0,0.0,0.0,0.0,0.0,0.0,0.2720567463794874,0.0,0.0,0.0,0.0,0.0,0.0,0.0,0.0,0.0,0.0,0.0,0.0,0.14112505715035575,0.0,0.0,0.25863775015704493,0.0,0.0,0.0,0.0,0.0,0.0,0.0,0.0,0.0,0.0,0.0,0.0,0.0,0.25863775015704493,0.3198950611671184,0.25863775015704493,0.0,0.0,0.0,0.0,0.0,0.0,0.0,0.0,0.0,0.0,0.0,0.0,0.0,0.0,0.0,0.0,0.10423153334052018,0.0,0.0,0.25863775015704493,0.0,0.0,0.0,0.0,0.0,0.25863775015704493,0.25863775015704493,0.0,0.0,0.0,0.0,0.2173356304192069,0.0,0.0,0.0,0.0,0,0,0,0,0,0,0,0,0,0,0,0,0,0,0,0,0,0,0,0,0,0,0,0,0,2,0,0,0,0,0,0,0,0,0,0,0,0,0,0,0,0,0,0,0,0,-0.0026784975,0.10081288,-0.068516515,-0.033697743,0.07672291,-0.12130175,0.0826458,0.25742647,-0.21365839,-0.053950142,-0.08599366,-0.16200347,0.0020646625,0.06305418,0.10122141,-0.11985055,0.008502192,-0.07515213,-0.06100909,-0.35783827,0.029497037,0.021709811,0.0865503,-0.059782863,-0.019160708,0.005599136,-0.005346747,-0.063807614,-0.11123826,0.049424116,0.19892669,-0.068878576,0.09841909,-0.17513542,-0.043471567,0.16474494,-0.046358883,0.02387553,0.024816222,-0.23574351,0.08600133,-0.17317079,-0.1168758,0.102583654,0.21633656,-0.04249773,-0.091721945,-0.004287801,0.093181096,-0.060022898,0.028189579,-0.1423176,0.03627645,-0.022548707,-0.1402116,0.06630719,-0.0871153,-0.037018843,-0.1380212,0.027984856,0.07951393,0.03187809,0.10119594,0.015376856,-0.11889478,0.20729522,0.11116167,0.23720881,-0.18991205,0.19300476,-0.12090589,0.14993921,0.12217314,0.05532458,0.119770885,0.08277455,0.024979707,0.061261646,-0.093971446,0.0010532298,-0.004193418,-0.043502264,-0.18937476,0.24158339,-0.06994707,-0.02654093,0.2215101,0.08147417,0.12022665,-0.004018543,0.18763609,0.102736406,0.028731238,0.06727707,0.20914616,0.10737915,0.21479246,-0.053865515,0.044182036,-0.09368685
75,64.12580458704984,10.874195412950158,10.874195412950158,34,70,28,6,6,0.633,74.95,1156,3.5553480614894135,39304,2.413793103448276,0.17142857142857143,8.185538881309686,163,32,4,0.12121212121212122,4,4.125,0.96875,162,161,25.078181818181818,1,0,0,1,1,0,0,0,1,0,1,1,2,2,0.0,0.0,0.0,0.0,0.0,0.0,0.0,0.0,0.0,0.0,0.21931064538011952,0.21931064538011952,0.0,0.0,0.0,0.0,0.0,0.0,0.0,0.0,0.0,0.0,0.0,0.0,0.0,0.0,0.0,0.0,0.0,0.0,0.0,0.0,0.0,0.0,0.0,0.2950502840193036,0.2950502840193036,0.2950502840193036,0.2950502840193036,0.0,0.0,0.0,0.0,0.0,0.0,0.0,0.0,0.0,0.2136414375596978,0.0,0.0,0.0,0.0,0.0,0.0,0.0,0.0,0.0,0.0,0.0,0.0,0.0,0.0,0.0,0.0,0.0,0.0,0.15460321980226166,0.0,0.2950502840193036,0.1792530597305469,0.0,0.20661030737090308,0.2950502840193036,0.0,0.0,0.0,0.0,0.0,0.0,0.0,0.0,0.0,0.0,0.0,0.0,0.0,0.0,0.0,0.0,0.0,0.0,0.0,0.0,0.0,0.21931064538011952,0.0,0.0,0.43475993826383474,0.0,0,0,0,0,0,0,1,0,0,0,0,0,0,0,0,0,0,0,0,0,0,1,0,0,0,0,0,0,0,0,0,1,0,0,0,0,0,0,0,0,0,0,0,0,1,0,-0.010413738,0.08628766,-0.065908395,-0.05046242,0.06676578,-0.12805504,0.09951785,0.23479776,-0.2071719,-0.08142735,-0.09079035,-0.14436272,-0.017986242,0.04696594,0.09672827,-0.122001395,0.0050992984,-0.079546705,-0.057082906,-0.3491897,0.038376566,0.056601167,0.093362965,-0.076400906,-0.013871025,0.016465241,-0.010469833,-0.065025136,-0.09135147,0.05338432,0.19100302,-0.05508537,0.10188379,-0.15925097,-0.055780713,0.1749444,-0.050127026,0.03347497,0.016335916,-0.23229687,0.08996255,-0.1571131,-0.09274953,0.07940814,0.21139145,-0.054644607,-0.10084257,-0.02977785,0.098280266,-0.053301726,0.01414661,-0.13111497,0.03950936,-0.018738125,-0.13834731,0.06360645,-0.08848436,-0.03337729,-0.11885279,0.045806225,0.08024912,0.025003763,0.10715294,-0.003212647,-0.13200696,0.19952549,0.09464562,0.22120808,-0.19243391,0.1889051,-0.14472623,0.15546446,0.12067893,0.057565995,0.11625342,0.07217238,0.021475816,0.070239425,-0.09001516,-0.010678027,0.011822079,-0.032635488,-0.1960321,0.24731165,-0.047971237,-0.04407693,0.21080677,0.07881317,0.09746287,-0.014611591,0.17218105,0.11292323,0.04251453,0.04449187,0.20113917,0.11198037,0.22255012,-0.056091234,0.058503967,-0.091182545
32,31.76715557258767,0.23284442741233136,0.23284442741233136,77,116,17,14,10,0.99,30.85,5929,4.356708826689592,456533,6.444444444444445,0.1794871794871795,9.174311926605505,178,32,4,0.12121212121212122,4,4.59375,1.0,177,176,25.37818181818182,0,0,1,0,0,0,0,0,0,1,0,0,3,0,0.0,0.0,0.246487705061148,0.0,0.0,0.0,0.0,0.0,0.0,0.0,0.19690951054499292,0.19690951054499292,0.0,0.0,0.0,0.22379829801427242,0.23719818897678277,0.0,0.0,0.0,0.0,0.0,0.0,0.0,0.0,0.0,0.0,0.25335026877045863,0.0,0.0,0.0,0.0,0.0,0.0,0.0,0.0,0.0,0.0,0.0,0.20049511566092437,0.20049511566092437,0.25335026877045863,0.25335026877045863,0.20049511566092437,0.0,0.0,0.0,0.0,0.0,0.0,0.0,0.0,0.0,0.25335026877045863,0.25335026877045863,0.22888843367623374,0.0,0.0,0.0,0.0,0.0,0.0,0.0,0.0,0.2213713456392178,0.0,0.0,0.1388115213795406,0.2213713456392178,0.0,0.0,0.0,0.0,0.0,0.0,0.0,0.0,0.0,0.0,0.0,0.09443541389807075,0.0,0.20049511566092437,0.0,0.0,0.0,0.0,0.23719818897678277,0.0,0.0,0.0,0.0,0.0,0.0,0.0,0.19690951054499292,0.0,0.0,0.0,0.0,0,0,0,0,0,0,0,0,0,0,0,0,0,0,0,0,0,0,0,0,1,0,0,0,2,0,0,0,1,0,0,0,0,0,0,0,0,0,0,0,0,0,0,0,0,0,0.004117288,0.1000231,-0.076194406,-0.027731204,0.059887715,-0.12300945,0.105621606,0.23309626,-0.22504316,-0.066566765,-0.10223239,-0.13431261,-0.03004587,0.053110823,0.09080187,-0.12066646,0.02005089,-0.06246695,-0.069686726,-0.3488697,0.032000057,0.029605199,0.0852959,-0.06445025,-0.017904645,-0.012287302,-0.017714282,-0.06570831,-0.10005497,0.067716874,0.19794513,-0.0707938,0.10024865,-0.17347579,-0.04244799,0.15322068,-0.051419124,0.037887443,0.029617097,-0.2363394,0.07238869,-0.17676449,-0.0957885,0.08571953,0.21031636,-0.05603203,-0.10147283,-0.011012714,0.12082287,-0.054753706,0.016469324,-0.1715631,0.046197556,-0.034025587,-0.1471769,0.07137612,-0.10155084,-0.03536541,-0.13642003,0.05639948,0.091391355,0.029496614,0.10081194,0.008271118,-0.11646282,0.20583522,0.095476076,0.2329663,-0.2001924,0.17356408,-0.13928005,0.15158534,0.13660948,0.02414947,0.1372199,0.06794779,0.010334011,0.07462747,-0.08392884,-0.020498492,0.013518538,-0.05253096,-0.20306818,0.26363745,-0.046544164,-0.054480672,0.20265913,0.072020836,0.117177755,-0.015561411,0.19850215,0.12495964,0.037015248,0.044913333,0.20507759,0.095213056,0.21198829,-0.048727166,0.03800836,-0.075142205
43,41.19157330261517,1.8084266973848315,1.8084266973848315,23,116,22,11,9,0.978,44.65,529,3.1780538303479458,12167,5.043478260869565,0.4583333333333333,8.348794063079778,178,32,4,0.12121212121212122,4,4.59375,1.0,177,176,25.37818181818182,0,0,0,0,0,0,0,0,0,1,0,3,3,1,0.0,0.0,0.2841875884023494,0.0,0.0,0.0,0.0,0.0,0.0,0.0,0.0,0.0,0.2424010627019513,0.2424010627019513,0.0,0.0,0.0,0.0,0.0,0.0,0.0,0.0,0.0,0.0,0.0,0.0,0.0,0.2920997697840644,0.0,0.0,0.0,0.0,0.0,0.0,0.0,0.0,0.0,0.0,0.0,0.23116050917019657,0.23116050917019657,0.2920997697840644,0.2920997697840644,0.23116050917019657,0.0,0.0,0.0,0.0,0.0,0.0,0.0,0.0,0.0,0.2920997697840644,0.2920997697840644,0.0,0.0,0.0,0.0,0.0,0.0,0.0,0.0,0.0,0.0,0.0,0.0,0.1600425120333143,0.25522972370157554,0.0,0.0,0.0,0.0,0.0,0.0,0.0,0.0,0.0,0.0,0.0,0.10887915293305479,0.0,0.23116050917019657,0.0,0.0,0.0,0.0,0.0,0.0,0.0,0.0,0.0,0.0,0.0,0.0,0.0,0.2424010627019513,0.0,0.0,0.0,0,0,0,0,0,0,0,0,0,0,0,0,0,0,0,0,0,0,0,0,1,0,0,0,0,0,0,0,0,0,0,0,0,0,0,2,0,1,0,0,0,0,0,0,0,0,0.0024360965,0.101331,-0.07986242,-0.029782057,0.060610455,-0.12594296,0.11161319,0.24388568,-0.24396414,-0.06203595,-0.10805723,-0.14715788,-0.026268065,0.05953713,0.09246303,-0.13127445,0.01987125,-0.06815474,-0.08175835,-0.371764,0.032118224,0.028879566,0.08682905,-0.06965469,-0.016759226,-0.01471553,-0.012582043,-0.06874411,-0.106061034,0.070475705,0.20849547,-0.074321106,0.107864164,-0.18488936,-0.04717649,0.15773597,-0.05360454,0.03032943,0.03046134,-0.24796186,0.07470794,-0.19582789,-0.10207654,0.09198264,0.22856224,-0.059058554,-0.10392149,-0.014614943,0.117869265,-0.055095583,0.017039116,-0.17735292,0.04301773,-0.03314396,-0.1534293,0.07611341,-0.10679935,-0.034042723,-0.14048748,0.0654679,0.09822271,0.023527928,0.10405213,0.010596162,-0.12172783,0.21338147,0.10277477,0.23934472,-0.20968388,0.18740344,-0.15272048,0.15296112,0.13941579,0.025981475,0.14241126,0.073695436,0.015286768,0.077637166,-0.086070605,-0.016456846,0.018052649,-0.05276862,-0.21203953,0.2726549,-0.053020112,-0.056644917,0.2162732,0.07862761,0.123997435,-0.01160692,0.2024755,0.13364804,0.036787484,0.04672489,0.22031462,0.09913951,0.23354897,-0.053190928,0.043560732,-0.08542108
45,32.00608602642719,12.993913973572809,12.993913973572809,23,83,14,13,9,0.99,28.775,529,3.1780538303479458,12167,5.533333333333333,0.5416666666666666,8.256880733944953,181,33,3,0.08823529411764706,4,4.515151515151516,0.9393939393939394,180,179,21.943529411764708,0,0,0,0,1,0,0,1,1,0,2,3,2,1,0.0,0.0,0.0,0.0,0.0,0.0,0.0,0.0,0.21394237298445343,0.21394237298445343,0.0,0.0,0.0,0.0,0.0,0.26021125811200907,0.2757913698325021,0.0,0.0,0.0,0.0,0.0,0.0,0.0,0.0,0.0,0.0,0.0,0.0,0.0,0.0,0.0,0.0,0.0,0.0,0.0,0.0,0.0,0.0,0.0,0.0,0.0,0.0,0.0,0.1486651575176687,0.0,0.0,0.2724563776519654,0.22302922458056232,0.0,0.0,0.0,0.0,0.0,0.0,0.0,0.0,0.0,0.0,0.0,0.0,0.2724563776519654,0.33698657501244483,0.2724563776519654,0.0,0.0,0.0,0.0,0.0,0.0,0.0,0.0,0.0,0.0,0.0,0.0,0.0,0.0,0.0,0.0,0.10980046800524898,0.0,0.0,0.2724563776519654,0.0,0.0,0.0,0.2757913698325021,0.0,0.2724563776519654,0.2724563776519654,0.0,0.0,0.0,0.21394237298445343,0.0,0.0,0.0,0.0,0.0,0,0,0,0,0,0,0,0,0,0,0,0,0,0,0,0,0,0,0,0,0,1,0,0,0,2,0,0,0,0,0,0,0,0,0,0,0,0,0,0,0,0,0,0,0,0,-0.000810015,0.10595651,-0.067891836,-0.043572262,0.07762991,-0.124936976,0.087805346,0.26261178,-0.21142623,-0.05861482,-0.08789078,-0.16197444,-0.006328165,0.057903778,0.09989164,-0.121133864,0.010484518,-0.073808864,-0.06687449,-0.3684427,0.029773131,0.025109721,0.089042395,-0.062448222,-0.021324035,0.014602993,-0.0058469228,-0.065240085,-0.10339116,0.056891352,0.20296998,-0.06961761,0.09993888,-0.17650832,-0.04695398,0.16598499,-0.049216297,0.025744958,0.032294303,-0.24604753,0.08411242,-0.18209444,-0.10333951,0.09937459,0.2228365,-0.039933484,-0.094920754,-0.0088748345,0.09885802,-0.059224717,0.017157998,-0.14544673,0.041621894,-0.022082722,-0.14656645,0.066740036,-0.09300132,-0.03803062,-0.1384913,0.031382017,0.089887835,0.025185665,0.10056453,0.013511784,-0.121389925,0.2084511,0.11082444,0.24027437,-0.19075263,0.2018311,-0.12554586,0.14986242,0.12557091,0.05209822,0.11894943,0.08249384,0.027233317,0.06411162,-0.09395752,0.0039474485,0.0015344897,-0.048025444,-0.1987643,0.24592142,-0.06265158,-0.030367963,0.22358266,0.08454143,0.1173971,-0.00892006,0.18751277,0.10286974,0.036406353,0.061547104,0.21459398,0.107447535,0.22184688,-0.061314028,0.039397627,-0.09500155
37,34.1707899735913,2.8292100264087026,2.8292100264087026,33,92,15,13,10,0.99,35.65,1089,3.5263605246161616,35937,5.75,0.38235294117647056,9.174311926605505,159,34,6,0.17142857142857143,4,3.7058823529411766,1.0,158,157,31.751428571428573,0,0,0,0,0,0,0,1,1,0,0,1,3,1,0.23726562596306133,0.0,0.0,0.0,0.0,0.20799015832577633,0.20799015832577633,0.0,0.0,0.0,0.0,0.0,0.0,0.0,0.0,0.21253087752966884,0.22525613330834585,0.0,0.0,0.0,0.24773364566696582,0.0,0.0,0.0,0.0,0.0,0.0,0.0,0.0,0.0,0.0,0.0,0.0,0.24059501534157846,0.0,0.0,0.0,0.0,0.0,0.1904009246268317,0.1904009246268317,0.0,0.0,0.1904009246268317,0.0,0.0,0.0,0.0,0.0,0.0,0.0,0.0,0.24407931465808935,0.0,0.0,0.0,0.0,0.0,0.24407931465808935,0.1853496449706778,0.1853496449706778,0.0,0.1376190504261028,0.0,0.0,0.1853496449706778,0.1853496449706778,0.13182287225500128,0.21022611327288176,0.0,0.0,0.0,0.0,0.0,0.0,0.0,0.0,0.0,0.0,0.0,0.08968093843302818,0.0,0.1904009246268317,0.0,0.0,0.0,0.0,0.22525613330834585,0.0,0.0,0.0,0.0,0.0,0.20799015832577633,0.0,0.0,0.0,0.24059501534157846,0.0,0.0,0,0,0,0,0,0,0,0,0,0,0,0,0,0,0,0,0,0,0,0,1,0,0,1,0,2,1,0,0,0,0,0,0,0,0,0,0,0,0,0,0,0,0,1,0,0,0.004866891,0.093683906,-0.06959622,-0.03620714,0.07102985,-0.12598194,0.1034726,0.24364221,-0.2312582,-0.06627654,-0.09942533,-0.14210814,-0.026427085,0.05344206,0.0964798,-0.12665075,0.0011383084,-0.07237094,-0.06376421,-0.3658575,0.039807364,0.032122586,0.09435965,-0.073407926,-0.015495135,-0.0012659287,-0.006040197,-0.053325333,-0.103715144,0.06671269,0.19656155,-0.059892863,0.110426314,-0.16687383,-0.03954631,0.15487906,-0.059346613,0.026428526,0.026971007,-0.23543257,0.07664509,-0.17438363,-0.10000763,0.083161674,0.21637166,-0.06845498,-0.088321656,-0.008773558,0.119954094,-0.051033977,0.017950336,-0.15790783,0.048148494,-0.028109448,-0.13861997,0.07015198,-0.09626828,-0.02667898,-0.12795253,0.049268927,0.09221488,0.030161623,0.107965,-0.0007808964,-0.13800572,0.20696011,0.10970149,0.23636757,-0.20815213,0.18674596,-0.13945948,0.14695108,0.12801094,0.030875163,0.12439653,0.08013288,0.019925728,0.080202386,-0.08789483,-0.009827391,0.01851125,-0.04045292,-0.21030457,0.26460326,-0.052494504,-0.045869,0.21551968,0.07474188,0.122239605,-0.011318751,0.18935211,0.1260712,0.037579827,0.044816412,0.20304954,0.09701399,0.2260372,-0.050901048,0.054001573,-0.08571381
23,24.936591096612688,-1.9365910966126876,1.9365910966126876,59,125,17,14,10,0.99,30.825,3481,4.0943445622221,205379,6.944444444444445,0.23333333333333334,9.174311926605505,188,36,5,0.13513513513513514,4,4.25,1.0,187,186,28.787027027027026,0,0,0,0,0,0,0,1,0,1,0,2,0,0,0.0,0.0,0.0,0.0,0.0,0.26856009673001074,0.26856009673001074,0.0,0.0,0.0,0.0,0.0,0.0,0.0,0.0,0.0,0.0,0.0,0.0,0.0,0.0,0.0,0.0,0.30224506358138425,0.0,0.0,0.0,0.0,0.0,0.0,0.0,0.0,0.0,0.31065999041977294,0.0,0.0,0.0,0.0,0.0,0.24584860719791243,0.24584860719791243,0.0,0.0,0.24584860719791243,0.15678476067576697,0.0,0.0,0.0,0.23521034910556954,0.0,0.0,0.0,0.0,0.0,0.0,0.0,0.0,0.0,0.0,0.23932631708578986,0.23932631708578986,0.0,0.17769583807151731,0.0,0.0,0.23932631708578986,0.23932631708578986,0.0,0.0,0.0,0.0,0.0,0.0,0.0,0.0,0.0,0.0,0.0,0.0,0.0,0.11579740933072483,0.0,0.24584860719791243,0.0,0.0,0.0,0.0,0.0,0.0,0.0,0.0,0.0,0.0,0.26856009673001074,0.0,0.0,0.0,0.0,0.0,0.0,0,0,0,0,0,0,0,0,0,0,0,0,0,0,0,0,0,0,0,1,1,1,0,0,0,2,0,0,0,0,0,0,0,0,0,0,0,0,0,0,0,0,0,0,0,0,-0.0023391687,0.10316186,-0.07819601,-0.036237776,0.067873694,-0.13236183,0.10782953,0.25339028,-0.23953328,-0.05761714,-0.09549002,-0.15225565,-0.02350047,0.055627078,0.105783165,-0.13013136,0.0080563575,-0.07651281,-0.06608711,-0.38474402,0.044284284,0.035324503,0.098785855,-0.06983673,-0.019131714,0.0018530305,-0.008501898,-0.064457715,-0.10605405,0.06926003,0.20670666,-0.062219188,0.1116187,-0.177278,-0.04647881,0.16255574,-0.06011222,0.03648731,0.022573847,-0.25242814,0.090676196,-0.18798131,-0.10259152,0.10267085,0.22645056,-0.06079484,-0.09171637,-0.013110752,0.12094125,-0.060112514,0.02204521,-0.15782467,0.055790756,-0.026028594,-0.14977878,0.06867583,-0.099882774,-0.029738272,-0.13857396,0.04873154,0.09953752,0.029656066,0.110286035,-0.00059254747,-0.14118226,0.2202435,0.11364049,0.24948798,-0.2203971,0.19742562,-0.14445055,0.15752788,0.1345247,0.043481883,0.1304731,0.084541745,0.01965951,0.07792556,-0.096541055,-0.00881498,0.01790098,-0.041714296,-0.21347027,0.27356553,-0.05685367,-0.04236896,0.22817938,0.077184014,0.12287615,-0.013539128,0.19406258,0.1225666,0.03566695,0.051354084,0.21386018,0.10656788,0.23670016,-0.055928595,0.05035157,-0.0945572
58,54.7006704658027,3.299329534197298,3.299329534197298,64,111,22,9,9,0.862,53.325,4096,4.174387269895637,262144,4.826086956521739,0.13846153846153847,9.355509355509357,176,35,4,0.1111111111111111,4,4.057142857142857,0.9428571428571428,175,174,25.186666666666667,1,0,0,0,0,0,0,0,0,1,1,2,3,1,0.0,0.0,0.0,0.0,0.0,0.1932091153781621,0.1932091153781621,0.0,0.0,0.0,0.0,0.0,0.0,0.0,0.0,0.0,0.0,0.0,0.0,0.22673355723559327,0.23012818930476128,0.0,0.0,0.0,0.0,0.0,0.0,0.0,0.0,0.0,0.0,0.0,0.0,0.0,0.0,0.23369697955225022,0.23369697955225022,0.23369697955225022,0.23369697955225022,0.0,0.0,0.0,0.0,0.0,0.0,0.0,0.0,0.0,0.0,0.0,0.0,0.0,0.0,0.0,0.0,0.0,0.2042762253716278,0.22040409061166505,0.0,0.17217757430786554,0.17217757430786554,0.0,0.0,0.0,0.19528616979666497,0.17217757430786554,0.17217757430786554,0.12245473891656167,0.0,0.23369697955225022,0.0,0.0,0.16364737603093812,0.23369697955225022,0.0,0.0,0.0,0.0,0.0,0.0,0.0,0.0,0.0,0.0,0.0,0.0,0.22040409061166505,0.0,0.0,0.0,0.0,0.0,0.0,0.1932091153781621,0.0,0.0,0.0,0.0,0.3443551486157311,0.0,0,0,0,0,0,0,0,0,0,0,0,0,0,0,0,0,0,0,0,0,0,0,0,0,0,0,0,0,1,1,0,1,0,0,0,0,0,0,0,0,0,0,0,0,1,0,-0.018016947,0.08952804,-0.063927196,-0.059349056,0.06376143,-0.13176593,0.10046144,0.23537154,-0.20419517,-0.097767204,-0.09459155,-0.1391056,-0.01981932,0.047326367,0.09984075,-0.12431698,-0.0023105382,-0.085277796,-0.049538225,-0.3518016,0.04615947,0.067229085,0.099081546,-0.081664056,-0.017829105,0.02275661,-0.017882345,-0.065317936,-0.078919835,0.05740005,0.19639088,-0.053781573,0.09754867,-0.15544873,-0.05466777,0.1709356,-0.05740633,0.04353359,0.016615253,-0.23830055,0.09432307,-0.13826512,-0.09410518,0.06765573,0.2003808,-0.06463677,-0.10361058,-0.039170828,0.09735334,-0.048638493,0.009336345,-0.13190107,0.039499223,-0.025594626,-0.13212717,0.07280392,-0.09507725,-0.025732983,-0.11448637,0.052785162,0.07696129,0.024383457,0.11055472,-0.008179297,-0.14037049,0.19480993,0.09870382,0.21729478,-0.19393407,0.19048561,-0.14957678,0.16294742,0.12237242,0.056699798,0.11068705,0.06616053,0.021953847,0.071010955,-0.09608015,-0.018213756,0.009896679,-0.025242282,-0.19817296,0.2577491,-0.048392612,-0.052240875,0.21078062,0.07589398,0.0843503,-0.027418118,0.17374633,0.112909995,0.046807334,0.04081864,0.19524062,0.11318331,0.22868694,-0.054893255,0.059486758,-0.08042339
36,30.057447808991018,5.942552191008982,5.942552191008982,22,97,14,14,10,0.99,27.975,484,3.1354942159291497,10648,6.466666666666667,0.6086956521739131,9.174311926605505,176,35,5,0.1388888888888889,4,4.057142857142857,0.9714285714285714,175,174,28.60333333333333,0,1,0,0,0,0,0,0,3,0,0,3,3,0,0.0,0.0,0.0,0.0,0.0,0.0,0.0,0.0,0.0,0.0,0.0,0.0,0.23099883180835976,0.23099883180835976,0.0,0.0,0.0,0.0,0.0,0.0,0.0,0.0,0.0,0.2708197736579033,0.0,0.0,0.0,0.0,0.0,0.0,0.0,0.0,0.0,0.0,0.0,0.0,0.0,0.0,0.0,0.0,0.0,0.0,0.0,0.0,0.14048339746593286,0.0,0.2406371298447429,0.0,0.0,0.0,0.0,0.0,0.0,0.0,0.0,0.0,0.0,0.0,0.0,0.21444287048248495,0.21444287048248495,0.0,0.15922028990730475,0.0,0.0,0.21444287048248495,0.21444287048248495,0.0,0.0,0.0,0.0,0.0,0.2038187214802563,0.0,0.29106375391642253,0.0,0.0,0.0,0.29106375391642253,0.29106375391642253,0.0,0.0,0.0,0.0,0.0,0.0,0.0,0.0,0.0,0.0,0.0,0.0,0.0,0.0,0.0,0.0,0.23099883180835976,0.0,0.4288857409649699,0.0,0,0,0,0,0,0,0,0,0,0,0,0,0,0,0,0,0,0,0,0,0,0,0,0,0,2,0,0,0,0,0,1,0,0,0,0,0,0,0,0,0,0,1,0,1,0,-0.011194528,0.0929908,-0.07251504,-0.052700557,0.06714999,-0.121570215,0.10007751,0.24188066,-0.20889641,-0.08151157,-0.08689176,-0.14657107,-0.022179117,0.05012008,0.10256184,-0.13206445,9.4349184e-07,-0.080410145,-0.059669003,-0.36124435,0.04122408,0.04851775,0.10260315,-0.074136294,-0.016981306,0.012230384,-0.013287583,-0.07337341,-0.089991204,0.054955546,0.1876279,-0.054000303,0.10905506,-0.15993114,-0.05199499,0.16921696,-0.06170535,0.03450015,0.019399708,-0.23259671,0.092381336,-0.1573636,-0.100319155,0.08187364,0.21689972,-0.058107194,-0.0967175,-0.029522503,0.107202716,-0.052062277,0.014527826,-0.13652477,0.04444786,-0.021597143,-0.13635701,0.06867707,-0.09822779,-0.025964411,-0.12003385,0.047517482,0.08583514,0.023319175,0.11023608,-0.0009691617,-0.13969067,0.19780962,0.102295324,0.2317203,-0.19945113,0.19702964,-0.14720002,0.15819058,0.12651439,0.05400066,0.11366796,0.07071889,0.026741503,0.07084714,-0.08926641,-0.014931275,0.008804032,-0.036222246,-0.1975574,0.259393,-0.059401035,-0.0475553,0.21967019,0.07444766,0.10389377,-0.025014669,0.17502207,0.11376242,0.04134817,0.04928137,0.20866972,0.11843612,0.23155169,-0.053806532,0.05840144,-0.085220926
15,22.62749692732519,-7.62749692732519,7.62749692732519,41,122,18,15,11,0.99,30.8,1681,3.7376696182833684,68921,6.421052631578948,0.35714285714285715,10.091743119266054,190,37,6,0.15789473684210525,3,4.162162162162162,1.0,189,188,30.16842105263158,0,0,0,0,0,0,0,1,0,0,0,1,0,0,0.0,0.0,0.0,0.0,0.0,0.0,0.0,0.0,0.29562410464736144,0.29562410464736144,0.0,0.0,0.0,0.0,0.0,0.0,0.0,0.0,0.0,0.0,0.0,0.4014041935292172,0.0,0.0,0.0,0.0,0.0,0.0,0.0,0.0,0.0,0.0,0.0,0.0,0.0,0.0,0.0,0.0,0.0,0.0,0.0,0.0,0.0,0.0,0.20542449571975824,0.0,0.0,0.0,0.30818025390236825,0.0,0.0,0.0,0.0,0.0,0.0,0.0,0.0,0.0,0.0,0.0,0.0,0.0,0.2328228698376504,0.0,0.0,0.0,0.0,0.0,0.0,0.0,0.0,0.0,0.0,0.0,0.0,0.0,0.0,0.0,0.0,0.0,0.15172153412672362,0.0,0.0,0.0,0.42561346001815153,0.0,0.0,0.0,0.0,0.0,0.0,0.42561346001815153,0.0,0.0,0.29562410464736144,0.0,0.0,0.0,0.0,0.0,0,0,0,0,0,0,0,0,0,1,0,0,0,0,0,0,0,0,0,1,0,1,0,0,0,2,0,0,0,0,0,0,0,0,0,0,0,0,0,0,0,0,0,0,0,0,0.0012456342,0.10089795,-0.08417251,-0.037090983,0.069144286,-0.139717,0.11286093,0.2665551,-0.25081334,-0.058263835,-0.09377267,-0.16434138,-0.026487911,0.065604515,0.11619482,-0.135906,0.008266301,-0.07348733,-0.066854894,-0.40490544,0.04021491,0.0381029,0.09496506,-0.07693835,-0.021680878,0.0027064758,0.0041134804,-0.08016256,-0.11545218,0.07277173,0.21669121,-0.056627464,0.11362122,-0.18977995,-0.052421868,0.17505436,-0.058473956,0.040244654,0.01535972,-0.26187745,0.098723836,-0.19806921,-0.1041655,0.11917418,0.24404767,-0.06247459,-0.09480018,-0.01640018,0.121598095,-0.064604156,0.012895003,-0.15763758,0.055014085,-0.011577703,-0.15427773,0.06491324,-0.105358265,-0.03386226,-0.13449037,0.05452334,0.11276447,0.029261593,0.10488881,0.0012764358,-0.1454831,0.22516812,0.123339154,0.26528916,-0.22643642,0.22042407,-0.14907561,0.16082005,0.1480451,0.046355683,0.13036658,0.0899292,0.023603087,0.07485462,-0.101619184,-0.002644536,0.020140395,-0.04319314,-0.22431943,0.26998034,-0.070565775,-0.043467943,0.23317523,0.07854447,0.13319986,-0.013413533,0.1982096,0.121411264,0.03167056,0.058570366,0.22841029,0.1173471,0.2582806,-0.057298392,0.05061241,-0.103347376
33,36.08615159272462,-3.086151592724619,3.086151592724619,38,101,14,13,10,0.99,29.275,1444,3.6635616461296463,54872,6.733333333333333,0.3333333333333333,9.174311926605505,170,32,4,0.12121212121212122,4,4.34375,1.0,169,168,25.21818181818182,0,0,0,0,0,0,0,0,0,0,2,1,3,1,0.0,0.0,0.27827681986363767,0.0,0.0,0.24726309430749394,0.24726309430749394,0.0,0.0,0.0,0.0,0.0,0.0,0.0,0.0,0.0,0.0,0.0,0.0,0.0,0.0,0.0,0.0,0.0,0.0,0.0,0.0,0.2860244371521544,0.0,0.0,0.0,0.0,0.0,0.0,0.0,0.0,0.0,0.0,0.0,0.22635264168844946,0.22635264168844946,0.2860244371521544,0.2860244371521544,0.22635264168844946,0.0,0.0,0.0,0.0,0.0,0.0,0.0,0.0,0.0,0.2860244371521544,0.2860244371521544,0.0,0.0,0.0,0.0,0.0,0.0,0.0,0.1636044345459787,0.0,0.0,0.0,0.0,0.1567138154836127,0.24992124478636163,0.0,0.0,0.0,0.0,0.0,0.0,0.0,0.0,0.0,0.0,0.0,0.10661459424737728,0.0,0.22635264168844946,0.0,0.0,0.0,0.0,0.0,0.0,0.0,0.0,0.0,0.0,0.24726309430749394,0.0,0.0,0.0,0.0,0.0,0.0,0,0,0,0,0,0,0,0,0,0,0,0,0,0,0,0,0,0,0,0,1,0,0,0,0,2,0,0,0,0,0,0,0,0,0,0,0,0,0,0,0,0,1,0,0,0,0.0051654503,0.10416088,-0.0805196,-0.02833931,0.059807487,-0.12155595,0.10643631,0.23919994,-0.22913991,-0.064153984,-0.100623384,-0.13959852,-0.031671494,0.05451877,0.09151951,-0.12613231,0.020489503,-0.06435259,-0.07428946,-0.36233592,0.029118918,0.022921886,0.08673479,-0.06395891,-0.020743934,-0.013218836,-0.015401002,-0.07210519,-0.1039617,0.06887893,0.19771342,-0.06836232,0.10301212,-0.18034989,-0.043935664,0.15529664,-0.05433075,0.036031578,0.03117617,-0.23739196,0.07670498,-0.18392546,-0.10122812,0.08990004,0.22071323,-0.0568168,-0.102536045,-0.009357106,0.124484904,-0.056649342,0.02010644,-0.17283653,0.050906934,-0.02977709,-0.1514577,0.07029682,-0.1030215,-0.03369188,-0.14052726,0.054451533,0.09598195,0.026138443,0.10113613,0.0076955394,-0.11749107,0.2082248,0.09982079,0.23783642,-0.20629431,0.17826799,-0.14461608,0.1554564,0.13756315,0.02205103,0.1394594,0.070292085,0.0129356645,0.07587034,-0.082657464,-0.020469954,0.013377333,-0.055795565,-0.2053337,0.2689721,-0.052878886,-0.05484706,0.20908776,0.0748615,0.12346479,-0.014380837,0.20014334,0.12515295,0.036277078,0.047219064,0.21426627,0.09910215,0.2200091,-0.047673635,0.041468453,-0.074759655
37,28.76134444914936,8.238655550850641,8.238655550850641,44,106,11,14,10,0.99,23.45,1936,3.8066624897703196,85184,8.833333333333334,0.3111111111111111,9.174311926605505,170,34,5,0.14285714285714285,4,4.029411764705882,1.0,169,168,28.54285714285714,0,0,0,0,0,0,0,0,0,0,0,1,3,0,0.0,0.0,0.0,0.0,0.0,0.0,0.0,0.0,0.20706905280026625,0.20706905280026625,0.0,0.0,0.0,0.0,0.0,0.0,0.0,0.0,0.0,0.0,0.0,0.0,0.0,0.0,0.0,0.0,0.0,0.0,0.0,0.0,0.0,0.0,0.0,0.2851077749703301,0.0,0.0,0.0,0.0,0.0,0.22562721798529414,0.22562721798529414,0.0,0.0,0.22562721798529414,0.0,0.0,0.0,0.0,0.0,0.0,0.0,0.0,0.28923670849811206,0.0,0.0,0.25757964401845634,0.0,0.0,0.28923670849811206,0.21964139528870044,0.21964139528870044,0.0,0.0,0.0,0.24912028751218213,0.21964139528870044,0.21964139528870044,0.15621157298484747,0.24912028751218213,0.0,0.0,0.0,0.0,0.0,0.0,0.0,0.0,0.0,0.0,0.0,0.10627291167105557,0.0,0.22562721798529414,0.0,0.0,0.0,0.0,0.0,0.0,0.0,0.0,0.0,0.0,0.0,0.20706905280026625,0.0,0.0,0.0,0.0,0.0,0,0,0,0,0,0,0,0,0,0,0,0,0,0,0,0,0,0,0,0,1,0,0,1,2,0,0,0,1,0,0,0,0,0,0,0,0,0,0,0,0,0,0,0,0,0,0.0060406914,0.09234435,-0.06734371,-0.03419766,0.06895724,-0.12657171,0.103156455,0.24046437,-0.2238809,-0.06921269,-0.09947468,-0.13691866,-0.025563104,0.051245037,0.0946572,-0.124144495,0.0011920306,-0.07106026,-0.058768146,-0.35662815,0.04385739,0.03620592,0.09238755,-0.07489088,-0.013910226,-0.00042148828,-0.007999323,-0.05139185,-0.09899576,0.066701986,0.19554715,-0.05904087,0.108494185,-0.16162042,-0.040123817,0.15302765,-0.058762927,0.028001469,0.026341744,-0.23584592,0.07429641,-0.16923645,-0.09765956,0.07822722,0.20803413,-0.06699077,-0.08921515,-0.01342727,0.11808499,-0.05067153,0.013959744,-0.15763938,0.046693604,-0.03101786,-0.13248514,0.07209576,-0.09741201,-0.027603034,-0.12557463,0.047056112,0.08994554,0.032544952,0.10689053,-0.0012078239,-0.13714437,0.20533797,0.10647798,0.2317068,-0.20378315,0.18153417,-0.1342023,0.1455191,0.12830856,0.031812888,0.12420514,0.07458007,0.019950928,0.07720418,-0.08799458,-0.013009199,0.02057766,-0.040285718,-0.20968965,0.26241767,-0.048428077,-0.048626333,0.21090782,0.07017175,0.116262615,-0.016356206,0.18883933,0.124023594,0.037358407,0.0429919,0.19726074,0.096742876,0.2194796,-0.04890989,0.051229488,-0.08446353
41,47.888591129208045,-6.888591129208045,6.888591129208045,72,145,16,10,9,0.962,39.475,5184,4.290459441148391,373248,8.529411764705882,0.136986301369863,8.47457627118644,171,34,5,0.14285714285714285,4,4.0588235294117645,0.9705882352941176,170,169,28.562857142857144,0,0,1,0,0,0,0,1,2,0,0,0,0,1,0.0,0.0,0.0,0.0,0.0,0.0,0.0,0.0,0.2072775035960899,0.2072775035960899,0.0,0.0,0.0,0.0,0.0,0.0,0.0,0.0,0.0,0.0,0.0,0.0,0.0,0.0,0.0,0.0,0.0,0.0,0.0,0.0,0.0,0.0,0.0,0.0,0.0,0.0,0.0,0.0,0.0,0.0,0.0,0.0,0.0,0.0,0.14403384561982532,0.0,0.2467187712972315,0.0,0.0,0.0,0.0,0.0,0.0,0.0,0.0,0.0,0.0,0.0,0.0,0.21986250232050744,0.21986250232050744,0.0,0.0,0.0,0.0,0.21986250232050744,0.21986250232050744,0.0,0.0,0.0,0.0,0.0,0.2089698483497768,0.0,0.2984198314771761,0.0,0.0,0.0,0.2984198314771761,0.2984198314771761,0.0,0.0,0.0,0.0,0.0,0.3032234560937842,0.0,0.0,0.0,0.0,0.0,0.0,0.0,0.0,0.2072775035960899,0.0,0.0,0.0,0.4397250046410149,0.0,0,0,0,0,0,0,0,0,0,0,0,0,0,0,0,0,0,0,0,0,0,0,0,0,0,0,0,0,0,0,0,1,1,2,0,0,0,0,0,0,0,0,0,0,1,0,-0.011532366,0.08760874,-0.06522537,-0.05144146,0.064281635,-0.11992835,0.10005973,0.23285414,-0.20466307,-0.07950922,-0.08775091,-0.14691229,-0.021077124,0.047005616,0.10479281,-0.12753299,-0.0020627768,-0.081387535,-0.05951271,-0.3522193,0.04425612,0.056205023,0.101225734,-0.07310527,-0.015726376,0.012378469,-0.014632516,-0.06985318,-0.08946615,0.05438445,0.1852868,-0.053599656,0.11058001,-0.15393376,-0.05213497,0.16903934,-0.058365643,0.03620716,0.014659511,-0.22681697,0.08885144,-0.15487777,-0.09389999,0.08252595,0.2109888,-0.056097507,-0.094117574,-0.02947102,0.10037096,-0.047522962,0.012360685,-0.131707,0.041436248,-0.02501258,-0.13292046,0.06721614,-0.09445435,-0.027494341,-0.11606757,0.053795367,0.080929674,0.025897285,0.10732793,-0.0006326127,-0.13702892,0.19376078,0.09846064,0.22906785,-0.19571355,0.19457556,-0.14534111,0.1519316,0.12542231,0.05387062,0.11018037,0.06948064,0.02455275,0.06919768,-0.08780449,-0.013328423,0.010731536,-0.032026444,-0.19640008,0.25266436,-0.052767765,-0.043791495,0.21401548,0.07581238,0.10318245,-0.022959689,0.17057653,0.1106575,0.040866997,0.046631284,0.19794872,0.116392426,0.22472496,-0.054070085,0.05795034,-0.08798653
30,33.96249036915084,-3.962490369150842,3.962490369150842,69,137,14,13,10,0.99,22.325,4761,4.248495242049359,328509,9.133333333333333,0.18571428571428572,9.174311926605505,173,32,2,0.06060606060606061,4,4.4375,0.9375,172,171,18.36909090909091,0,0,1,0,0,0,0,0,0,0,2,2,0,1,0.0,0.31814677571495226,0.0,0.0,0.0,0.25886117983000567,0.25886117983000567,0.0,0.0,0.0,0.0,0.0,0.0,0.0,0.0,0.0,0.0,0.0,0.0,0.0,0.0,0.0,0.0,0.0,0.0,0.0,0.0,0.0,0.0,0.0,0.0,0.2913296305337873,0.0,0.0,0.0,0.0,0.0,0.0,0.0,0.0,0.0,0.0,0.0,0.0,0.15112255551760387,0.0,0.0,0.2769600136665571,0.0,0.0,0.0,0.0,0.0,0.0,0.0,0.0,0.0,0.0,0.0,0.0,0.0,0.2769600136665571,0.3425568791056696,0.2769600136665571,0.0,0.0,0.0,0.0,0.0,0.0,0.0,0.0,0.0,0.0,0.0,0.0,0.0,0.0,0.0,0.0,0.11161544237431709,0.0,0.0,0.2769600136665571,0.0,0.0,0.0,0.0,0.0,0.2769600136665571,0.2769600136665571,0.0,0.0,0.25886117983000567,0.0,0.0,0.0,0.0,0.0,0.0,0,0,0,0,0,0,0,0,0,0,0,0,0,0,0,0,0,0,0,0,0,0,0,0,0,2,0,0,0,0,0,0,0,0,0,0,0,0,0,0,0,0,0,0,0,0,-0.0026784975,0.10081288,-0.068516515,-0.033697743,0.07672291,-0.12130175,0.0826458,0.25742647,-0.21365839,-0.053950142,-0.08599366,-0.16200347,0.0020646625,0.06305418,0.10122141,-0.11985055,0.008502192,-0.07515213,-0.06100909,-0.35783827,0.029497037,0.021709811,0.0865503,-0.059782863,-0.019160708,0.005599136,-0.005346747,-0.063807614,-0.11123826,0.049424116,0.19892669,-0.068878576,0.09841909,-0.17513542,-0.043471567,0.16474494,-0.046358883,0.02387553,0.024816222,-0.23574351,0.08600133,-0.17317079,-0.1168758,0.102583654,0.21633656,-0.04249773,-0.091721945,-0.004287801,0.093181096,-0.060022898,0.028189579,-0.1423176,0.03627645,-0.022548707,-0.1402116,0.06630719,-0.0871153,-0.037018843,-0.1380212,0.027984856,0.07951393,0.03187809,0.10119594,0.015376856,-0.11889478,0.20729522,0.11116167,0.23720881,-0.18991205,0.19300476,-0.12090589,0.14993921,0.12217314,0.05532458,0.119770885,0.08277455,0.024979707,0.061261646,-0.093971446,0.0010532298,-0.004193418,-0.043502264,-0.18937476,0.24158339,-0.06994707,-0.02654093,0.2215101,0.08147417,0.12022665,-0.004018543,0.18763609,0.102736406,0.028731238,0.06727707,0.20914616,0.10737915,0.21479246,-0.053865515,0.044182036,-0.09368685
39,35.641283107445695,3.3587168925543054,3.3587168925543054,58,149,16,15,11,0.99,25.275,3364,4.07753744390572,195112,8.764705882352942,0.2542372881355932,10.091743119266054,182,34,6,0.17142857142857143,3,4.382352941176471,1.0,181,180,30.211428571428574,0,1,0,0,0,0,0,1,3,0,2,2,0,0,0.0,0.0,0.0,0.0,0.0,0.0,0.0,0.0,0.2596337595264612,0.2596337595264612,0.0,0.0,0.0,0.0,0.0,0.3157842285858943,0.33469176393480726,0.0,0.0,0.0,0.0,0.0,0.0,0.0,0.0,0.0,0.0,0.0,0.0,0.0,0.0,0.0,0.0,0.0,0.0,0.0,0.0,0.0,0.0,0.0,0.0,0.0,0.0,0.0,0.18041537643274957,0.0,0.0,0.0,0.0,0.0,0.0,0.0,0.0,0.0,0.0,0.0,0.0,0.0,0.0,0.0,0.0,0.0,0.0,0.0,0.0,0.0,0.0,0.0,0.0,0.0,0.0,0.0,0.0,0.0,0.0,0.0,0.0,0.0,0.0,0.0,0.13325040714603692,0.0,0.0,0.0,0.37379774176870106,0.3798147146525222,0.0,0.33469176393480726,0.0,0.0,0.0,0.37379774176870106,0.0,0.0,0.2596337595264612,0.0,0.0,0.0,0.0,0.0,0,0,0,0,0,1,0,0,0,1,0,0,0,0,0,0,0,0,0,1,0,0,0,0,0,0,0,0,0,0,0,0,0,0,0,2,0,0,0,0,0,0,0,0,0,0,0.0055388394,0.10227525,-0.082103856,-0.04099342,0.0703205,-0.14091751,0.11850639,0.2682476,-0.25204322,-0.06313548,-0.09597083,-0.16926813,-0.02506148,0.06693961,0.11525142,-0.13818222,0.007016551,-0.073175,-0.06982318,-0.4122277,0.044478822,0.04094119,0.09436277,-0.07564847,-0.022483941,-0.0043629454,0.010359426,-0.078351796,-0.11310942,0.07788127,0.2225814,-0.055341486,0.11783923,-0.18989629,-0.05290696,0.17700884,-0.05713746,0.034795213,0.017891431,-0.26127315,0.09327608,-0.19804992,-0.104796775,0.11659473,0.24576516,-0.0642533,-0.09510624,-0.019569699,0.11932711,-0.061171845,0.0057075643,-0.16217832,0.050607305,-0.0105007505,-0.14972207,0.071476504,-0.105462305,-0.033151813,-0.12737468,0.06169376,0.11347079,0.02886213,0.104295395,0.002696635,-0.15566196,0.22130696,0.12817973,0.26728377,-0.2249904,0.22475994,-0.15389276,0.15617506,0.15282069,0.04402187,0.12435422,0.09086657,0.027902039,0.07174748,-0.10409472,-0.0006854459,0.022483684,-0.03859979,-0.2264765,0.2672848,-0.07546464,-0.0432091,0.23004667,0.07856601,0.14108036,-0.0144848395,0.19684309,0.11902734,0.030753782,0.053962436,0.22787642,0.1160603,0.2666911,-0.053039942,0.051655177,-0.10501287
22,31.003483920727977,-9.003483920727977,9.003483920727977,63,120,15,15,11,0.99,31.65,3969,4.1588830833596715,250047,7.5,0.234375,10.091743119266054,167,31,8,0.25,4,4.419354838709677,0.967741935483871,166,165,39.09,0,0,0,0,0,0,0,0,0,0,0,2,3,0,0.2954136560641268,0.0,0.0,0.0,0.0,0.0,0.0,0.0,0.0,0.0,0.0,0.0,0.24859115585412936,0.24859115585412936,0.0,0.2646170228102542,0.28046092905951164,0.0,0.0,0.0,0.0,0.0,0.0,0.0,0.0,0.0,0.0,0.0,0.2438078082682887,0.2438078082682887,0.2438078082682887,0.0,0.0,0.0,0.0,0.0,0.0,0.0,0.0,0.0,0.0,0.0,0.0,0.0,0.1511822803647073,0.2675777423594647,0.0,0.0,0.0,0.0,0.0,0.0,0.0,0.0,0.0,0.0,0.0,0.0,0.0,0.0,0.0,0.0,0.17134613016711386,0.0,0.0,0.0,0.0,0.0,0.0,0.0,0.19029814583509969,0.0,0.0,0.0,0.0,0.0,0.0,0.0,0.0,0.0,0.11165955369315601,0.2438078082682887,0.0,0.0,0.0,0.0,0.0,0.28046092905951164,0.0,0.0,0.0,0.0,0.0,0.0,0.0,0.0,0.24859115585412936,0.29955899774510814,0.0,0.0,0,0,0,0,1,0,0,0,0,0,0,0,0,0,0,0,0,0,0,0,0,0,0,0,0,2,1,1,0,0,0,0,0,0,0,0,0,0,1,0,0,0,0,1,0,1,0.00552673,0.07830848,-0.06423502,-0.029439788,0.06859615,-0.12497007,0.098109275,0.23577896,-0.22199535,-0.05971705,-0.09571335,-0.15745987,-0.01065182,0.050191354,0.09489798,-0.12284838,0.012009716,-0.065794066,-0.06995284,-0.3461246,0.03019077,0.032684732,0.07930317,-0.07150717,-0.017875375,0.007830654,-0.006650434,-0.060790114,-0.11315289,0.054218654,0.17441756,-0.05575182,0.100828126,-0.16659747,-0.053153764,0.17021504,-0.047055382,0.020053782,0.01306519,-0.21631676,0.08370347,-0.18637298,-0.089437924,0.09757847,0.2323003,-0.047820404,-0.09492919,-0.015573228,0.10244171,-0.053349756,0.014654233,-0.14004031,0.05009773,-0.027076924,-0.14423712,0.05431309,-0.0845522,-0.038037367,-0.12329635,0.049908508,0.093430735,0.019882796,0.102365874,0.008615684,-0.11011878,0.2066808,0.09577099,0.23755339,-0.19435509,0.1817294,-0.12792735,0.14622091,0.12695342,0.033455394,0.12998201,0.08773255,0.030362606,0.07412638,-0.07147672,-0.004923994,0.002579319,-0.04505788,-0.19989075,0.2370009,-0.053399816,-0.040393434,0.20997708,0.08724509,0.12742676,-0.0019538926,0.16976124,0.119180836,0.040210117,0.049408685,0.20480114,0.10083282,0.20903008,-0.053245585,0.059446163,-0.09310646
59,57.616308860645795,1.3836911393542053,1.3836911393542053,68,138,19,11,9,0.783,43.65,4624,4.23410650459726,314432,6.9,0.15942028985507245,10.192525481313703,181,34,6,0.17142857142857143,3,4.352941176470588,1.0,180,179,30.191428571428574,0,1,1,0,0,0,0,0,3,1,1,2,0,1,0.0,0.0,0.0,0.3325755232605942,0.3325755232605942,0.0,0.0,0.0,0.0,0.0,0.0,0.0,0.0,0.0,0.0,0.34342096670485267,0.0,0.0,0.0,0.0,0.40030384793565016,0.0,0.0,0.0,0.0,0.0,0.0,0.0,0.0,0.0,0.0,0.0,0.0,0.0,0.0,0.0,0.0,0.0,0.0,0.0,0.0,0.0,0.0,0.0,0.19620493164085256,0.0,0.0,0.0,0.0,0.0,0.0,0.0,0.0,0.0,0.0,0.0,0.0,0.0,0.0,0.0,0.0,0.0,0.0,0.0,0.0,0.0,0.0,0.0,0.0,0.0,0.0,0.0,0.0,0.0,0.0,0.0,0.0,0.0,0.0,0.0,0.14491218842951203,0.0,0.0,0.0,0.40651169440965657,0.0,0.0,0.0,0.0,0.0,0.0,0.40651169440965657,0.3325755232605942,0.0,0.0,0.0,0.0,0.0,0.0,0.0,0,0,0,0,0,1,0,0,0,1,0,0,0,0,0,0,0,0,0,1,0,0,0,0,0,0,0,0,0,0,0,0,0,0,0,2,0,0,0,0,0,0,0,0,0,0,0.0055388394,0.10227525,-0.082103856,-0.04099342,0.0703205,-0.14091751,0.11850639,0.2682476,-0.25204322,-0.06313548,-0.09597083,-0.16926813,-0.02506148,0.06693961,0.11525142,-0.13818222,0.007016551,-0.073175,-0.06982318,-0.4122277,0.044478822,0.04094119,0.09436277,-0.07564847,-0.022483941,-0.0043629454,0.010359426,-0.078351796,-0.11310942,0.07788127,0.2225814,-0.055341486,0.11783923,-0.18989629,-0.05290696,0.17700884,-0.05713746,0.034795213,0.017891431,-0.26127315,0.09327608,-0.19804992,-0.104796775,0.11659473,0.24576516,-0.0642533,-0.09510624,-0.019569699,0.11932711,-0.061171845,0.0057075643,-0.16217832,0.050607305,-0.0105007505,-0.14972207,0.071476504,-0.105462305,-0.033151813,-0.12737468,0.06169376,0.11347079,0.02886213,0.104295395,0.002696635,-0.15566196,0.22130696,0.12817973,0.26728377,-0.2249904,0.22475994,-0.15389276,0.15617506,0.15282069,0.04402187,0.12435422,0.09086657,0.027902039,0.07174748,-0.10409472,-0.0006854459,0.022483684,-0.03859979,-0.2264765,0.2672848,-0.07546464,-0.0432091,0.23004667,0.07856601,0.14108036,-0.0144848395,0.19684309,0.11902734,0.030753782,0.053962436,0.22787642,0.1160603,0.2666911,-0.053039942,0.051655177,-0.10501287
44,41.89683747666463,2.103162523335371,2.103162523335371,75,158,15,15,11,0.99,19.5,5625,4.330733340286331,421875,9.875,0.19736842105263158,10.091743119266054,179,36,4,0.10810810810810811,4,4.0,0.9444444444444444,178,177,25.201621621621623,1,0,1,0,0,0,0,1,2,0,0,0,0,0,0.20617358489415386,0.0,0.0,0.0,0.0,0.0,0.0,0.0,0.0,0.0,0.0,0.0,0.1734954655051609,0.1734954655051609,0.0,0.0,0.0,0.19573785429334536,0.20906668051595395,0.0,0.0,0.0,0.0,0.2034036377195213,0.0,0.0,0.0,0.0,0.0,0.0,0.0,0.0,0.0,0.0,0.0,0.21860821148785486,0.21860821148785486,0.21860821148785486,0.21860821148785486,0.0,0.0,0.0,0.0,0.0,0.0,0.0,0.0,0.0,0.0,0.1734954655051609,0.0,0.0,0.0,0.0,0.0,0.0,0.19108702373278713,0.20617358489415386,0.0,0.1610608389114599,0.1610608389114599,0.0,0.0,0.0,0.0,0.1610608389114599,0.1610608389114599,0.11454838446800115,0.0,0.21860821148785486,0.13281190669471352,0.0,0.15308139736057347,0.21860821148785486,0.0,0.0,0.0,0.0,0.0,0.0,0.0,0.0,0.0,0.0,0.0,0.0,0.20617358489415386,0.0,0.20906668051595395,0.0,0.0,0.0,0.0,0.0,0.0,0.0,0.1734954655051609,0.0,0.3221216778229198,0.0,0,0,0,0,0,0,0,0,0,0,0,0,0,0,0,0,0,0,0,0,0,1,0,0,0,0,0,0,0,0,0,1,0,0,1,0,0,0,0,0,0,0,0,0,1,0,-0.017531488,0.09028068,-0.06593019,-0.05776975,0.06385198,-0.13200796,0.10098028,0.23752731,-0.20721973,-0.0942416,-0.09354949,-0.14313212,-0.01919696,0.048308853,0.09932313,-0.1253679,0.0014713419,-0.086048365,-0.050516922,-0.35762292,0.04331506,0.066459805,0.0993987,-0.08099603,-0.016686454,0.020241622,-0.016599104,-0.064750485,-0.082684144,0.05475066,0.1983624,-0.052856836,0.1007376,-0.15695342,-0.056933094,0.17282502,-0.058207653,0.04156515,0.017889917,-0.23932832,0.096595824,-0.14377697,-0.09316594,0.07166171,0.20617008,-0.06237633,-0.10396296,-0.03689495,0.09602379,-0.047855888,0.010897959,-0.13152058,0.039615393,-0.021254994,-0.13689165,0.07125813,-0.09514636,-0.02927994,-0.115845725,0.051457163,0.07750231,0.025752906,0.11240542,-0.008702345,-0.1401649,0.19728148,0.09934023,0.22129057,-0.1963468,0.19366923,-0.14938726,0.16366325,0.12380217,0.058891114,0.11152679,0.068495855,0.022787232,0.07125255,-0.0965071,-0.014751049,0.010640359,-0.026940616,-0.19946606,0.258859,-0.04669616,-0.05072617,0.21429847,0.07805784,0.08805599,-0.023355208,0.17241547,0.11265374,0.046192963,0.044337187,0.19996189,0.1138725,0.23341228,-0.055558275,0.06087006,-0.08231825
18,32.25746592569302,-14.257465925693019,14.257465925693019,48,111,13,15,11,0.99,21.025,2304,3.8918202981106265,110592,7.928571428571429,0.30612244897959184,10.091743119266054,171,31,4,0.125,4,4.548387096774194,0.967741935483871,170,169,25.295,0,0,0,0,0,0,0,0,1,0,0,1,3,0,0.0,0.30708182470973816,0.0,0.0,0.0,0.0,0.0,0.0,0.0,0.0,0.0,0.0,0.23985051607643923,0.23985051607643923,0.29321197436141194,0.0,0.0,0.0,0.0,0.0,0.0,0.0,0.0,0.2811973634976704,0.0,0.0,0.0,0.0,0.0,0.0,0.0,0.2811973634976704,0.0,0.0,0.0,0.0,0.0,0.0,0.0,0.0,0.0,0.0,0.0,0.0,0.14586660511915245,0.0,0.0,0.2673275131493442,0.0,0.0,0.0,0.0,0.0,0.0,0.0,0.0,0.0,0.0,0.0,0.0,0.0,0.2673275131493442,0.16532147978908207,0.2673275131493442,0.0,0.0,0.0,0.0,0.0,0.0,0.0,0.0,0.0,0.0,0.0,0.0,0.0,0.0,0.0,0.0,0.10773352529839599,0.0,0.0,0.2673275131493442,0.0,0.0,0.0,0.0,0.0,0.2673275131493442,0.2673275131493442,0.0,0.0,0.0,0.0,0.0,0.23985051607643923,0.0,0.0,0.0,0,0,0,0,0,0,0,0,0,0,1,0,0,1,0,0,0,0,0,0,0,0,0,0,0,2,0,0,0,0,0,0,0,0,0,0,0,0,0,0,0,0,0,0,0,0,-0.0019591756,0.09973548,-0.068982795,-0.03185128,0.075396076,-0.12022637,0.08154851,0.24865045,-0.20428865,-0.054290354,-0.08561386,-0.15804341,0.0004638661,0.058511417,0.09988844,-0.11638175,0.012241697,-0.07149316,-0.059056666,-0.35191083,0.031434108,0.02495548,0.08444614,-0.060612056,-0.019123422,0.0072546354,-0.008984705,-0.059485454,-0.104005106,0.0484393,0.19191305,-0.0668179,0.09775964,-0.16988744,-0.044627335,0.15935008,-0.04502628,0.021957656,0.023480566,-0.22764659,0.08105544,-0.17205296,-0.10763864,0.09821593,0.21195628,-0.039049454,-0.089838274,-0.0067584785,0.09169779,-0.053849977,0.024883727,-0.14035372,0.03700477,-0.023440706,-0.1370045,0.06526737,-0.083998494,-0.036045186,-0.13613696,0.03014483,0.07909528,0.030482778,0.09788638,0.01681215,-0.11459079,0.20328529,0.103521526,0.23223965,-0.18582165,0.18599103,-0.119033895,0.14312682,0.123984896,0.05281389,0.11601842,0.0801139,0.02562601,0.06139825,-0.08871872,0.000762132,-0.0038492866,-0.043130975,-0.18696962,0.23540652,-0.062494177,-0.027030421,0.21821134,0.07749168,0.11651152,-0.004163872,0.18316004,0.10168184,0.027950367,0.0646385,0.20439298,0.107012555,0.20783065,-0.05125383,0.04241615,-0.09286745
26,32.0040322605052,-6.004032260505198,6.004032260505198,20,114,17,15,11,0.99,29.25,400,3.044522437723423,8000,6.333333333333333,0.7142857142857143,10.091743119266054,160,31,6,0.1875,4,4.193548387096774,1.0,159,158,32.0125,0,1,0,0,0,0,0,0,3,1,0,3,3,0,0.0,0.0,0.0,0.0,0.0,0.0,0.0,0.0,0.0,0.0,0.0,0.0,0.29863128915805937,0.29863128915805937,0.0,0.0,0.0,0.0,0.0,0.3650701750928174,0.0,0.0,0.0,0.0,0.0,0.0,0.0,0.0,0.0,0.0,0.0,0.0,0.0,0.0,0.0,0.0,0.0,0.0,0.0,0.0,0.0,0.0,0.0,0.0,0.1816145032515152,0.0,0.311091513936523,0.0,0.0,0.0,0.0,0.0,0.0,0.0,0.0,0.0,0.0,0.0,0.3650701750928174,0.0,0.0,0.0,0.20583723330075132,0.0,0.0,0.0,0.0,0.0,0.0,0.0,0.0,0.0,0.2634933132505722,0.0,0.0,0.0,0.0,0.0,0.0,0.0,0.1341360530370889,0.0,0.0,0.0,0.0,0.0,0.0,0.0,0.0,0.0,0.0,0.0,0.0,0.0,0.0,0.0,0.29863128915805937,0.35985869798204184,0.2772280290840054,0.0,0,0,0,0,0,0,0,0,0,0,0,0,0,0,0,0,0,0,0,0,0,0,0,0,0,2,1,0,0,0,0,1,0,0,0,0,0,0,0,0,0,0,0,1,1,0,0.0011732506,0.08924675,-0.06844094,-0.047392197,0.07399892,-0.1314464,0.102949046,0.25271183,-0.23705597,-0.07784837,-0.09256121,-0.15401886,-0.017874768,0.06128807,0.1060302,-0.124753155,-0.0012599132,-0.081461996,-0.07166921,-0.37027976,0.03816606,0.038227353,0.101693645,-0.08081002,-0.013635183,0.0036277405,-0.008326701,-0.06608739,-0.099488854,0.058677297,0.19745749,-0.066139154,0.10626187,-0.17307039,-0.042020626,0.17341395,-0.055916168,0.028909663,0.022438912,-0.2387103,0.08530485,-0.17401582,-0.101629816,0.09613807,0.23226745,-0.058479417,-0.09497452,-0.017485682,0.10705174,-0.048468243,0.020057324,-0.14726166,0.031876795,-0.026658935,-0.14657949,0.07159689,-0.09584932,-0.027215643,-0.12573609,0.051263258,0.08820862,0.026736964,0.10840066,0.0066774283,-0.14691576,0.21000804,0.10929137,0.24764562,-0.20273183,0.20020534,-0.14708875,0.15300956,0.12842529,0.047730755,0.12069461,0.08443193,0.023200482,0.07546797,-0.0910463,-0.00057517097,0.010825145,-0.04113363,-0.20827834,0.2650145,-0.058480732,-0.0391934,0.21950279,0.083120145,0.11752277,-0.017332727,0.17558052,0.12575203,0.04300352,0.051449295,0.21349926,0.110627845,0.23817815,-0.056561287,0.05835091,-0.09606788
75,69.94033852595203,5.059661474047971,5.059661474047971,22,83,30,10,7,0.651,63.725,484,3.1354942159291497,10648,2.6774193548387095,0.43478260869565216,9.320905459387482,166,34,4,0.11428571428571428,4,3.911764705882353,0.9705882352941176,165,164,25.034285714285716,1,0,0,0,1,0,0,0,0,1,1,3,2,1,0.0,0.0,0.0,0.0,0.0,0.0,0.0,0.0,0.1787592332190135,0.1787592332190135,0.0,0.0,0.0,0.0,0.0,0.0,0.0,0.0,0.0,0.0,0.0,0.0,0.0,0.0,0.0,0.0,0.0,0.0,0.0,0.0,0.0,0.0,0.0,0.0,0.0,0.2573617460974358,0.2573617460974358,0.2573617460974358,0.2573617460974358,0.0,0.0,0.0,0.0,0.0,0.0,0.0,0.0,0.0,0.0,0.0,0.0,0.0,0.0,0.0,0.0,0.0,0.2249617695040904,0.24272278450288337,0.0,0.18961272519478994,0.18961272519478994,0.0,0.0,0.0,0.0,0.18961272519478994,0.18961272519478994,0.13485482562013917,0.0,0.2573617460974358,0.0,0.0,0.1802187367602217,0.2573617460974358,0.0,0.0,0.0,0.0,0.0,0.0,0.0,0.0,0.0,0.0,0.0,0.0,0.24272278450288337,0.0,0.0,0.0,0.0,0.0,0.0,0.0,0.1787592332190135,0.0,0.0,0.0,0.3792254503895799,0.0,0,0,0,1,0,0,0,0,0,0,0,0,0,0,0,0,1,0,0,0,0,0,0,0,0,0,0,0,0,0,0,1,0,0,0,0,0,0,0,0,0,0,0,0,1,0,-0.018041685,0.09224358,-0.06547709,-0.06200246,0.065983154,-0.13467269,0.10345946,0.23865622,-0.2072365,-0.10109705,-0.09373017,-0.14205594,-0.01787845,0.048741397,0.099973306,-0.12614018,-0.001975995,-0.085619465,-0.052207805,-0.35718003,0.044285763,0.06829673,0.10098805,-0.084530175,-0.015710192,0.020611405,-0.016157633,-0.06561105,-0.08102414,0.05515066,0.19905914,-0.05345606,0.10071781,-0.15946175,-0.054254264,0.17390558,-0.057061963,0.04468076,0.017716525,-0.24073133,0.09905125,-0.14139178,-0.09754444,0.06955485,0.20229913,-0.06559448,-0.10362514,-0.039055467,0.09545972,-0.048146524,0.0127993515,-0.13200572,0.03971038,-0.023477046,-0.13849813,0.0777131,-0.099150665,-0.026389543,-0.114744365,0.05392969,0.07700575,0.022640945,0.11108864,-0.008000163,-0.1441466,0.19803607,0.104428664,0.22203344,-0.19842784,0.19749326,-0.15303296,0.16478474,0.12394032,0.05888656,0.110892646,0.07033733,0.021422083,0.07262468,-0.09967822,-0.013527252,0.010293775,-0.023536205,-0.20021188,0.2607886,-0.048457153,-0.05083311,0.2167222,0.078668684,0.08677836,-0.028332923,0.1745611,0.11434038,0.04751551,0.041599616,0.19830638,0.11539555,0.2376617,-0.05316122,0.062811114,-0.08323391
29,32.02248063931186,-3.0224806393118584,3.0224806393118584,58,127,11,14,10,0.99,21.525,3364,4.07753744390572,195112,10.583333333333334,0.23728813559322035,9.174311926605505,178,32,5,0.15151515151515152,4,4.59375,0.96875,177,176,28.832727272727272,0,0,0,0,0,0,0,0,2,0,0,2,0,0,0.0,0.0,0.0,0.0,0.0,0.0,0.0,0.3248443609805166,0.22205712271969855,0.22205712271969855,0.0,0.0,0.0,0.0,0.0,0.0,0.0,0.0,0.0,0.0,0.0,0.3015135060418848,0.0,0.0,0.0,0.0,0.0,0.0,0.24884207470558478,0.24884207470558478,0.24884207470558478,0.0,0.0,0.0,0.2862520275980108,0.0,0.0,0.0,0.0,0.0,0.0,0.0,0.0,0.0,0.15430396824402418,0.2731028223693936,0.0,0.0,0.0,0.2537241912618713,0.0,0.0,0.0,0.0,0.0,0.0,0.0,0.0,0.0,0.0,0.0,0.0,0.17488417137419304,0.0,0.0,0.0,0.0,0.0,0.0,0.0,0.19422751780830205,0.2862520275980108,0.0,0.0,0.0,0.0,0.0,0.0,0.0,0.0,0.11396515640355954,0.24884207470558478,0.0,0.0,0.0,0.0,0.0,0.0,0.0,0.0,0.0,0.0,0.0,0.0,0.22205712271969855,0.0,0.0,0.0,0.0,0.0,0,0,0,0,1,0,0,0,0,0,0,0,0,1,0,0,0,0,0,0,0,1,0,0,0,2,0,0,0,0,0,0,0,0,0,0,0,0,0,0,0,0,0,0,0,0,0.004311345,0.09014847,-0.06475922,-0.03321793,0.071988255,-0.12627356,0.09664299,0.24463236,-0.21206123,-0.061666563,-0.09045324,-0.1552998,-0.011712445,0.05092071,0.09674697,-0.118173555,0.0114569655,-0.070898056,-0.07153032,-0.3521969,0.030019848,0.03059961,0.0866827,-0.0738182,-0.018161986,0.012328672,-0.008426037,-0.065697946,-0.106781594,0.055109125,0.17905214,-0.059395067,0.09881497,-0.16672179,-0.05310869,0.16426986,-0.05146564,0.02187294,0.017219875,-0.22723234,0.08394657,-0.18400915,-0.09385109,0.09314575,0.22805956,-0.044299673,-0.09479811,-0.019118823,0.09796499,-0.050644137,0.012520042,-0.14013073,0.044695817,-0.027348403,-0.14144078,0.057390817,-0.08655108,-0.037837025,-0.12985194,0.042001337,0.09489064,0.017515467,0.103367604,0.010815527,-0.11007551,0.2090931,0.100067504,0.23143984,-0.19324693,0.18257116,-0.12487844,0.1432109,0.12453042,0.038829874,0.12252891,0.08036137,0.032826126,0.06783242,-0.07867784,-0.0029742974,0.0035099639,-0.04579794,-0.20308313,0.23548943,-0.05772964,-0.041783754,0.21679997,0.09116519,0.12150515,-0.009826582,0.17150703,0.111792944,0.037788022,0.05619523,0.20914665,0.10347376,0.21177112,-0.05434239,0.051342417,-0.092613846
11,18.422534785151292,-7.422534785151292,7.422534785151292,19,135,14,15,11,0.99,24.075,361,2.995732273553991,6859,9.0,0.75,10.091743119266054,177,31,7,0.21875,5,4.741935483870968,1.0,176,175,37.82125,0,0,0,0,0,0,0,0,0,0,0,3,0,0,0.0,0.0,0.0,0.0,0.0,0.2676472065241201,0.2676472065241201,0.0,0.0,0.0,0.0,0.0,0.0,0.0,0.0,0.0,0.0,0.0,0.0,0.0,0.0,0.0,0.32373391714909666,0.0,0.0,0.3140876821500227,0.3140876821500227,0.0,0.0,0.0,0.0,0.3012176713452263,0.0,0.0,0.0,0.0,0.0,0.0,0.0,0.0,0.0,0.0,0.0,0.0,0.15625181749397438,0.0,0.2676472065241201,0.0,0.0,0.0,0.0,0.0,0.0,0.0,0.0,0.2797106694336241,0.2829781657712999,0.0,0.0,0.0,0.0,0.0,0.0,0.0,0.2705244921626511,0.0,0.0,0.0,0.0,0.0,0.0,0.0,0.22669615232156592,0.0,0.0,0.0,0.0,0.0,0.0,0.0,0.11540379046428616,0.0,0.0,0.0,0.0,0.0,0.0,0.0,0.0,0.0,0.0,0.0,0.0,0.2676472065241201,0.0,0.0,0.0,0.0,0.0,0.0,0,1,0,0,0,0,0,0,0,0,0,0,0,0,0,0,0,1,0,0,0,0,0,0,2,0,0,0,1,0,1,1,0,0,0,0,0,0,0,0,0,0,0,0,0,0,-0.001361602,0.09093914,-0.07143413,-0.03778889,0.067724615,-0.1323787,0.099544495,0.2534789,-0.22662449,-0.07815737,-0.09687961,-0.15186174,-0.0109374495,0.057261977,0.09938631,-0.1252638,0.007957608,-0.08102975,-0.061206125,-0.3625209,0.038734682,0.04458065,0.09318679,-0.07167958,-0.014214574,0.006681117,-0.010949454,-0.061839234,-0.09503142,0.06147955,0.19694184,-0.06408865,0.101181164,-0.17343321,-0.04762774,0.17291313,-0.052788854,0.02822238,0.023100244,-0.24091211,0.08308481,-0.17533013,-0.099881776,0.09293774,0.2226776,-0.05221664,-0.10169261,-0.02078491,0.10332334,-0.05330813,0.010950693,-0.14316945,0.03635679,-0.030449333,-0.14201613,0.07454168,-0.09706984,-0.03397674,-0.12279922,0.048600346,0.088290595,0.028107328,0.10993287,0.009303439,-0.13700666,0.20930871,0.101500794,0.24005249,-0.19899592,0.19340049,-0.14006247,0.15452017,0.13030599,0.048493758,0.12628935,0.07854955,0.025031112,0.07375093,-0.09258661,-0.007604326,0.010268651,-0.03927735,-0.20274329,0.25765464,-0.055457953,-0.042390995,0.21764588,0.077526025,0.11405254,-0.020742834,0.1807952,0.11466019,0.039552957,0.055562068,0.2082189,0.11190187,0.22853117,-0.06061247,0.052743886,-0.09270335
50,55.29700407358406,-5.297004073584063,5.297004073584063,76,90,25,10,9,0.856,62.05,5776,4.343805421853684,438976,3.4615384615384617,0.12987012987012986,9.414225941422595,169,30,6,0.1935483870967742,4,4.666666666666667,0.9666666666666667,168,167,32.28322580645161,0,0,1,0,0,0,0,0,2,0,2,0,2,1,0.0,0.0,0.0,0.0,0.0,0.0,0.0,0.28976993108016796,0.0,0.0,0.0,0.0,0.22632882157290532,0.22632882157290532,0.0,0.24091950791651864,0.2553445288638054,0.0,0.0,0.27668200058045295,0.0,0.0,0.0,0.0,0.0,0.0,0.0,0.0,0.2219738419335163,0.2219738419335163,0.2219738419335163,0.0,0.0,0.0,0.2553445288638054,0.0,0.0,0.0,0.0,0.0,0.0,0.0,0.0,0.0,0.13764330126743088,0.2436150831644727,0.0,0.0,0.0,0.22632882157290532,0.0,0.0,0.0,0.0,0.0,0.0,0.0,0.0,0.0,0.0,0.0,0.0,0.0,0.0,0.0,0.0,0.0,0.0,0.0,0.0,0.17325618422097036,0.2553445288638054,0.0,0.0,0.0,0.0,0.0,0.0,0.0,0.0,0.10165999316386684,0.2219738419335163,0.0,0.0,0.0,0.0,0.0,0.2553445288638054,0.0,0.0,0.0,0.0,0.0,0.0,0.0,0.0,0.22632882157290532,0.0,0.0,0.0,0,0,0,0,1,0,0,0,0,0,0,0,0,1,0,0,0,0,0,0,0,1,0,0,0,0,0,0,0,0,0,0,1,2,0,0,0,0,0,0,0,0,0,0,0,0,0.0095377285,0.07619226,-0.059433006,-0.026211035,0.06446523,-0.11877783,0.098818675,0.23034441,-0.2091854,-0.05822605,-0.09287132,-0.15605256,-0.013254291,0.042817466,0.094013095,-0.116953455,0.014153896,-0.07387532,-0.07137724,-0.34050235,0.035663817,0.037575595,0.08529393,-0.07612371,-0.015213291,0.011642233,-0.011622839,-0.06400963,-0.110288024,0.05380451,0.1697808,-0.049972903,0.10283714,-0.16125746,-0.056279548,0.16518454,-0.050468814,0.021037238,0.0069923666,-0.21260238,0.07999648,-0.18617225,-0.08392046,0.09483546,0.22693741,-0.041962076,-0.095944904,-0.019605083,0.09394415,-0.047006406,0.0117077185,-0.13945702,0.044819515,-0.03127278,-0.13902172,0.04944594,-0.08167881,-0.038884487,-0.12714733,0.049877863,0.0923102,0.020097742,0.10102751,0.010840989,-0.10390659,0.20518649,0.09194823,0.23153903,-0.19039121,0.17278825,-0.12541413,0.14083302,0.124117,0.03196718,0.1244821,0.07482683,0.035205457,0.066213414,-0.06875357,-0.0077835238,0.0069042933,-0.043875493,-0.20227407,0.23261753,-0.048559688,-0.043494843,0.21126144,0.09065489,0.11908128,-0.007796629,0.16758128,0.11250256,0.035666205,0.051945396,0.19809096,0.10380225,0.20079331,-0.050275963,0.05578819,-0.094160564
58,61.06380558748281,-3.063805587482811,3.063805587482811,85,128,18,9,9,0.907,46.25,7225,4.454347296253507,614125,6.7368421052631575,0.10465116279069768,8.937437934458787,175,31,4,0.125,4,4.67741935483871,0.967741935483871,174,173,25.375,0,1,1,0,0,0,0,1,3,0,1,0,0,1,0.0,0.0,0.0,0.0,0.0,0.0,0.0,0.3010592505757864,0.0,0.0,0.0,0.0,0.23514650106186671,0.23514650106186671,0.0,0.0,0.0,0.0,0.0,0.0,0.0,0.0,0.0,0.0,0.0,0.0,0.0,0.0,0.23062185317442066,0.23062185317442066,0.23062185317442066,0.0,0.2833578287986053,0.0,0.26529264859125956,0.0,0.0,0.0,0.0,0.0,0.0,0.0,0.0,0.0,0.14300582869961564,0.25310622842424263,0.0,0.0,0.21453903266866933,0.23514650106186671,0.0,0.0,0.0,0.0,0.0,0.0,0.0,0.0,0.0,0.0,0.0,0.0,0.0,0.0,0.0,0.0,0.0,0.0,0.0,0.0,0.1800061751912934,0.26529264859125956,0.0,0.0,0.0,0.0,0.0,0.0,0.0,0.0,0.10562062544365906,0.23062185317442066,0.0,0.0,0.0,0.0,0.0,0.0,0.0,0.0,0.0,0.0,0.0,0.0,0.0,0.0,0.23514650106186671,0.2833578287986053,0.0,0.0,0,0,0,0,1,0,0,0,0,0,0,0,0,1,0,0,0,0,0,0,0,1,0,0,0,0,0,0,0,0,0,0,0,0,0,0,0,0,0,0,0,0,0,1,0,0,0.005877042,0.07695826,-0.06339919,-0.028792275,0.06628576,-0.121544726,0.099150926,0.23394303,-0.21357293,-0.06290534,-0.09180877,-0.15716222,-0.013446089,0.045181163,0.09141307,-0.1207746,0.016816385,-0.073748715,-0.07052756,-0.3433834,0.033601902,0.03444315,0.08868651,-0.07632814,-0.014073654,0.013676272,-0.011682,-0.0637185,-0.10922075,0.050914384,0.17244726,-0.050251354,0.10268398,-0.16242544,-0.056246836,0.1650681,-0.05121648,0.018816302,0.00862913,-0.21681419,0.08011107,-0.18504757,-0.08275638,0.092279874,0.22731824,-0.04589965,-0.09689726,-0.020610495,0.09770583,-0.049953673,0.012974428,-0.14083666,0.044701643,-0.027071003,-0.14461072,0.048215855,-0.081074744,-0.04151224,-0.12864855,0.04844265,0.09524385,0.018778192,0.10642584,0.010386885,-0.109510176,0.20742966,0.09180926,0.23145586,-0.19283475,0.17509659,-0.12800947,0.14408976,0.12476821,0.03640497,0.12593178,0.07770789,0.035029046,0.06994899,-0.071357556,-0.0056078923,0.00510566,-0.04314517,-0.202121,0.23504557,-0.051277157,-0.046317004,0.21466789,0.0886309,0.116926454,-0.0076882658,0.16831593,0.11852611,0.03836083,0.05241367,0.20521368,0.10557357,0.20562313,-0.054486014,0.05426656,-0.092926316
59,61.701845879306894,-2.7018458793068945,2.7018458793068945,44,86,21,11,8,0.791,53.95,1936,3.8066624897703196,85184,3.909090909090909,0.24444444444444444,8.978675645342312,172,30,7,0.22580645161290322,4,4.766666666666667,1.0,171,170,35.82709677419355,0,0,0,0,1,0,0,1,0,1,1,1,2,1,0.0,0.0,0.0,0.0,0.0,0.0,0.0,0.0,0.0,0.0,0.0,0.0,0.3723530250136384,0.3723530250136384,0.0,0.0,0.0,0.0,0.0,0.0,0.0,0.0,0.0,0.0,0.0,0.45519337381328995,0.45519337381328995,0.0,0.0,0.0,0.0,0.0,0.0,0.0,0.0,0.0,0.0,0.0,0.0,0.0,0.0,0.0,0.0,0.0,0.0,0.0,0.0,0.0,0.0,0.0,0.0,0.0,0.0,0.0,0.0,0.0,0.0,0.0,0.0,0.0,0.0,0.0,0.0,0.0,0.0,0.0,0.0,0.24584179962799513,0.0,0.0,0.2850386612215788,0.0,0.0,0.0,0.0,0.0,0.0,0.0,0.0,0.0,0.16724960486412568,0.0,0.0,0.0,0.0,0.0,0.0,0.0,0.0,0.0,0.0,0.0,0.0,0.0,0.0,0.0,0.3723530250136384,0.0,0.0,0.0,0,1,0,0,0,0,0,0,0,0,0,0,0,0,0,2,0,0,1,0,0,0,0,0,0,0,0,0,0,0,0,0,1,2,0,0,0,0,0,0,0,0,0,0,0,0,0.004794419,0.08303673,-0.06981526,-0.028944312,0.06379019,-0.12899902,0.099714,0.2466392,-0.2315305,-0.067660764,-0.0995957,-0.1606188,-0.015120436,0.052271836,0.09810458,-0.12629102,0.0046189125,-0.074508555,-0.07050016,-0.35320565,0.03310361,0.033309575,0.08287825,-0.06363379,-0.014951486,-0.00015177486,-0.0069196164,-0.06711737,-0.10753014,0.06101158,0.1887781,-0.05724082,0.10629506,-0.17557807,-0.053408917,0.17487758,-0.051596507,0.026545899,0.020816637,-0.23392673,0.079318315,-0.18541127,-0.09616011,0.10031781,0.22915682,-0.04919202,-0.09876612,-0.0111715,0.102793,-0.05308076,0.01718782,-0.14582436,0.048701692,-0.029232822,-0.14781779,0.060770106,-0.089901224,-0.0420941,-0.122756846,0.053660396,0.09114074,0.027911266,0.104457065,0.0018101792,-0.12912394,0.21147366,0.099184126,0.2412794,-0.20308627,0.18825237,-0.13714537,0.14990805,0.13004215,0.0338442,0.13707107,0.07780201,0.021826638,0.078434624,-0.079559,-0.0060773524,0.014917026,-0.04727735,-0.20527162,0.24566658,-0.052740872,-0.039667968,0.21198569,0.0862565,0.13164221,-0.013794339,0.17476235,0.11567484,0.043605965,0.04798029,0.2041867,0.1069902,0.22096546,-0.058035087,0.059585392,-0.093137674
28,27.946223614663808,0.053776385336192334,0.053776385336192334,23,104,21,15,11,0.99,32.65,529,3.1780538303479458,12167,4.7272727272727275,0.625,10.091743119266054,169,30,4,0.12903225806451613,4,4.666666666666667,0.9666666666666667,168,167,25.31548387096774,0,0,0,0,0,0,0,1,1,1,2,3,3,0,0.0,0.0,0.0,0.0,0.0,0.0,0.0,0.32546497127719914,0.0,0.0,0.2380854289276074,0.2380854289276074,0.0,0.0,0.0,0.0,0.0,0.0,0.0,0.31076481619799856,0.0,0.0,0.0,0.0,0.0,0.0,0.0,0.0,0.2493174837702334,0.2493174837702334,0.2493174837702334,0.0,0.0,0.0,0.2867989078185489,0.0,0.0,0.0,0.0,0.0,0.0,0.0,0.0,0.0,0.15459876366919997,0.27362458122986427,0.0,0.0,0.0,0.2542089275372349,0.0,0.0,0.0,0.0,0.0,0.0,0.0,0.0,0.0,0.0,0.0,0.0,0.0,0.0,0.0,0.0,0.0,0.0,0.0,0.0,0.19459858657824186,0.2867989078185489,0.0,0.0,0.0,0.0,0.0,0.0,0.0,0.0,0.11418288513159902,0.2493174837702334,0.0,0.0,0.0,0.0,0.0,0.0,0.0,0.0,0.0,0.0,0.0,0.0,0.0,0.2380854289276074,0.0,0.0,0.0,0.0,0,0,0,0,1,0,0,0,0,0,1,0,0,1,0,0,0,0,0,0,0,1,0,0,0,0,0,0,0,0,0,0,0,0,0,0,0,0,0,0,0,0,0,0,0,0,0.007293167,0.07944624,-0.062489487,-0.028418582,0.06707693,-0.12073878,0.09878111,0.23109739,-0.20604141,-0.059433527,-0.09030564,-0.15580617,-0.012335464,0.042303808,0.0914044,-0.116100915,0.017688442,-0.071619116,-0.06773152,-0.33897874,0.035824034,0.036987115,0.08618707,-0.07832665,-0.016582469,0.013267017,-0.010726556,-0.06354344,-0.10632781,0.051307928,0.16895814,-0.051945716,0.10034001,-0.1590462,-0.056665808,0.16276221,-0.050875865,0.018956495,0.0100803645,-0.21291469,0.081604004,-0.18387173,-0.08359571,0.09169292,0.22359714,-0.040539168,-0.09630468,-0.01954625,0.09445125,-0.047290433,0.013461059,-0.1393481,0.046170633,-0.03136916,-0.13966198,0.050325263,-0.07780779,-0.037153594,-0.12880611,0.047019184,0.090860926,0.019566193,0.10154425,0.010463422,-0.10261202,0.205929,0.090609275,0.22903685,-0.18986663,0.168774,-0.12431034,0.13994868,0.12399983,0.03563927,0.123552784,0.07543776,0.036457475,0.06712968,-0.07025418,-0.0057622744,0.0031079021,-0.04222704,-0.19943842,0.23176508,-0.048698723,-0.04417182,0.21312952,0.0882346,0.116412185,-0.007518954,0.16762367,0.11463241,0.03572646,0.051693853,0.20108151,0.103159525,0.2006377,-0.050796766,0.056290954,-0.0921753
20,27.648501682729773,-7.648501682729773,7.648501682729773,30,120,21,13,10,0.99,33.0,900,3.4339872044851463,27000,5.454545454545454,0.41935483870967744,9.174311926605505,173,32,2,0.06060606060606061,4,4.4375,0.9375,172,171,18.36909090909091,0,0,0,0,0,0,0,0,1,0,0,3,3,1,0.0,0.30441105735872376,0.0,0.0,0.0,0.2476850670075023,0.2476850670075023,0.0,0.0,0.0,0.0,0.0,0.0,0.0,0.2906618365641289,0.0,0.0,0.0,0.0,0.0,0.0,0.0,0.0,0.0,0.0,0.0,0.0,0.0,0.0,0.0,0.0,0.2787517197728072,0.0,0.0,0.0,0.0,0.0,0.0,0.0,0.0,0.0,0.0,0.0,0.0,0.14459796681102796,0.0,0.0,0.26500249897821243,0.0,0.0,0.0,0.0,0.0,0.0,0.0,0.0,0.0,0.0,0.0,0.0,0.0,0.26500249897821243,0.32776727515067045,0.26500249897821243,0.0,0.0,0.0,0.0,0.0,0.0,0.0,0.0,0.0,0.0,0.0,0.0,0.0,0.0,0.0,0.0,0.10679653991266495,0.0,0.0,0.26500249897821243,0.0,0.0,0.0,0.0,0.0,0.26500249897821243,0.26500249897821243,0.0,0.0,0.2476850670075023,0.0,0.0,0.0,0.0,0.0,0.0,0,0,0,0,0,0,0,0,0,0,0,0,0,0,0,0,0,0,0,0,0,0,0,0,0,2,0,0,0,0,0,0,0,0,0,0,0,0,0,0,0,0,0,0,0,0,-0.0026784975,0.10081288,-0.068516515,-0.033697743,0.07672291,-0.12130175,0.0826458,0.25742647,-0.21365839,-0.053950142,-0.08599366,-0.16200347,0.0020646625,0.06305418,0.10122141,-0.11985055,0.008502192,-0.07515213,-0.06100909,-0.35783827,0.029497037,0.021709811,0.0865503,-0.059782863,-0.019160708,0.005599136,-0.005346747,-0.063807614,-0.11123826,0.049424116,0.19892669,-0.068878576,0.09841909,-0.17513542,-0.043471567,0.16474494,-0.046358883,0.02387553,0.024816222,-0.23574351,0.08600133,-0.17317079,-0.1168758,0.102583654,0.21633656,-0.04249773,-0.091721945,-0.004287801,0.093181096,-0.060022898,0.028189579,-0.1423176,0.03627645,-0.022548707,-0.1402116,0.06630719,-0.0871153,-0.037018843,-0.1380212,0.027984856,0.07951393,0.03187809,0.10119594,0.015376856,-0.11889478,0.20729522,0.11116167,0.23720881,-0.18991205,0.19300476,-0.12090589,0.14993921,0.12217314,0.05532458,0.119770885,0.08277455,0.024979707,0.061261646,-0.093971446,0.0010532298,-0.004193418,-0.043502264,-0.18937476,0.24158339,-0.06994707,-0.02654093,0.2215101,0.08147417,0.12022665,-0.004018543,0.18763609,0.102736406,0.028731238,0.06727707,0.20914616,0.10737915,0.21479246,-0.053865515,0.044182036,-0.09368685
28,34.58170474650415,-6.581704746504151,6.581704746504151,72,124,19,13,10,0.99,43.6,5184,4.290459441148391,373248,6.2,0.1780821917808219,9.174311926605505,189,34,8,0.22857142857142856,4,4.588235294117647,0.9705882352941176,188,187,39.20857142857143,0,0,1,0,0,0,0,0,2,0,2,0,0,1,0.0,0.0,0.0,0.0,0.0,0.0,0.0,0.0,0.19390955810524546,0.19390955810524546,0.0,0.0,0.0,0.0,0.0,0.2358459867983994,0.24996723139715263,0.0,0.0,0.0,0.0,0.0,0.0,0.0,0.0,0.0,0.0,0.0,0.21729929737521517,0.21729929737521517,0.21729929737521517,0.0,0.0,0.0,0.24996723139715263,0.0,0.0,0.0,0.0,0.0,0.0,0.0,0.0,0.0,0.0,0.0,0.0,0.0,0.0,0.0,0.0,0.0,0.2708553575448262,0.0,0.0,0.24121013871011962,0.0,0.0,0.0,0.0,0.0,0.0,0.0,0.0,0.23328838478405803,0.0,0.0,0.1462841341030084,0.0,0.0,0.1696075842504174,0.24996723139715263,0.0,0.0,0.0,0.2708553575448262,0.2708553575448262,0.0,0.0,0.0,0.09951913654895354,0.21729929737521517,0.0,0.0,0.0,0.0,0.0,0.24996723139715263,0.0,0.0,0.0,0.0,0.0,0.0,0.19390955810524546,0.0,0.0,0.0,0.0,0.0,0,0,0,0,1,0,0,1,0,0,0,0,0,1,0,0,0,0,0,1,0,0,0,1,2,0,0,0,1,0,0,0,0,0,0,0,0,0,0,0,0,0,0,0,0,0,0.008449464,0.07622923,-0.06302504,-0.024794891,0.06519779,-0.12791213,0.10431987,0.23375648,-0.21393533,-0.06905177,-0.0971843,-0.14729683,-0.01776754,0.047413904,0.09030664,-0.11750803,0.010117315,-0.06844472,-0.06592313,-0.3398865,0.03222975,0.038147777,0.08083236,-0.07857451,-0.011149947,0.009806647,-0.011854875,-0.057357017,-0.10535486,0.05834381,0.17491046,-0.054835938,0.10499602,-0.16014268,-0.05061746,0.16370499,-0.04810113,0.026756898,0.016753644,-0.22231883,0.0775877,-0.18054165,-0.08918673,0.08439481,0.22351485,-0.055562932,-0.09535968,-0.017044548,0.1031647,-0.05042477,0.006318316,-0.14584276,0.047717772,-0.029475093,-0.13746777,0.059626214,-0.086636595,-0.037484854,-0.12195633,0.05105829,0.09130128,0.022035066,0.101784,0.008356032,-0.11416494,0.20482782,0.09473409,0.2336668,-0.19343485,0.17691635,-0.12417798,0.1465837,0.12987599,0.03099105,0.1275216,0.07689002,0.029100126,0.07056249,-0.07234654,-0.01209378,0.012504368,-0.044624135,-0.20265205,0.24204572,-0.047272354,-0.047783554,0.20650578,0.0830407,0.11633078,-0.012232835,0.17127344,0.12041062,0.04161614,0.050115943,0.19841315,0.10080451,0.20645325,-0.04881919,0.058700144,-0.089123905
